City_ID,City,Country,Date,Lat,Lng,Max Temp,Humidity,Cloudiness,Wind Speed
0,Lagoa,PT,2021-03-24 02:10:21,39.05,-27.9833,54.68,53,26,6.13
1,Vostok,RU,2021-03-24 02:10:21,46.4856,135.8833,30.22,59,1,3.22
2,Orange,US,2021-03-24 02:10:22,33.7,-117.7675,63.0,59,20,8.05
3,Hamilton,US,2021-03-24 02:05:37,39.1834,-84.5333,66.2,34,90,3.44
4,Teahupoo,PF,2021-03-24 02:10:22,-17.8333,-149.2667,89.6,58,40,3.44
5,Bathsheba,BB,2021-03-24 02:10:22,13.2167,-59.5167,78.8,57,20,14.97
6,Coahuayana,MX,2021-03-24 02:10:22,18.7333,-103.6833,73.4,64,1,11.5
7,Port Alfred,ZA,2021-03-24 02:10:23,-33.5906,26.891,66.74,79,97,13.91
8,Tambun,ID,2021-03-24 02:10:23,-6.2641,107.0712,87.01,70,40,9.22
9,Tuktoyaktuk,CA,2021-03-24 02:10:23,69.4541,-133.0374,-0.4,71,75,8.05
10,Ushuaia,AR,2021-03-24 02:10:23,-54.8,-68.3,44.6,81,90,24.16
11,Merauke,ID,2021-03-24 02:10:23,-8.4667,140.3333,84.09,72,95,5.1
12,Karak,JO,2021-03-24 02:10:24,31.1667,35.75,53.6,66,40,16.11
13,Matamoros,MX,2021-03-24 02:10:24,25.5333,-103.25,77.0,7,75,21.88
14,Kapaa,US,2021-03-24 02:10:24,22.0752,-159.319,79.0,47,1,10.36
15,Airai,TL,2021-03-24 02:10:24,-8.9266,125.4092,72.91,67,37,1.59
16,Luderitz,NA,2021-03-24 02:10:25,-26.6481,15.1594,64.67,81,0,5.75
17,Cape Town,ZA,2021-03-24 02:09:06,-33.9258,18.4232,69.01,72,0,8.05
18,Corrales,US,2021-03-24 02:10:25,35.2378,-106.6067,46.4,39,90,14.97
19,Fortuna,US,2021-03-24 02:10:25,40.5982,-124.1573,53.01,71,1,13.8
20,Dukat,RU,2021-03-24 02:10:25,62.55,155.55,-2.49,81,75,3.49
21,Albany,US,2021-03-24 02:07:36,42.6001,-73.9662,53.01,51,100,3.67
22,Flinders,AU,2021-03-24 02:10:26,-34.5833,150.8552,81.0,51,0,11.01
23,Kodiak,US,2021-03-24 02:10:26,57.79,-152.4072,35.6,51,1,13.8
24,Stromness,GB,2021-03-24 02:10:26,58.965,-3.296,42.8,65,6,25.32
25,Atuona,PF,2021-03-24 02:10:26,-9.8,-139.0333,80.85,71,100,18.07
26,Punta Arenas,CL,2021-03-24 02:10:27,-53.15,-70.9167,41.0,75,0,28.77
27,Castro,BR,2021-03-24 02:10:27,-24.7911,-50.0119,64.89,89,96,1.3
28,Leningradskiy,RU,2021-03-24 02:10:27,69.3833,178.4167,4.01,89,100,4.81
29,Sambava,MG,2021-03-24 02:10:27,-14.2667,50.1667,74.82,91,32,3.98
30,Lebu,CL,2021-03-24 02:10:28,-37.6167,-73.65,56.64,89,9,14.36
31,Jamestown,US,2021-03-24 02:10:28,42.097,-79.2353,55.99,54,1,12.82
32,Kavieng,PG,2021-03-24 02:10:28,-2.5744,150.7967,80.17,82,100,6.91
33,Katsuura,JP,2021-03-24 02:10:28,35.1333,140.3,62.6,55,20,10.36
34,Hilo,US,2021-03-24 02:10:28,19.7297,-155.09,78.8,65,75,11.5
35,Porto Novo,BJ,2021-03-24 02:10:29,6.4965,2.6036,75.2,94,20,3.44
36,Goderich,CA,2021-03-24 02:10:29,43.7501,-81.7165,55.4,41,100,9.22
37,Raudeberg,NO,2021-03-24 02:10:29,61.9875,5.1352,43.0,91,100,37.49
38,Aksarka,RU,2021-03-24 02:10:29,66.5606,67.7975,-1.98,99,94,5.44
39,Nikolskoye,RU,2021-03-24 02:10:30,59.7035,30.7861,37.4,70,0,6.71
40,Sherlovaya Gora,RU,2021-03-24 02:10:30,50.5667,116.25,32.88,55,97,8.25
41,Yellowknife,CA,2021-03-24 02:10:30,62.456,-114.3525,1.4,60,40,10.36
42,Tiksi,RU,2021-03-24 02:10:30,71.6872,128.8694,-17.86,99,100,2.51
43,Qaanaaq,GL,2021-03-24 02:10:31,77.484,-69.3632,-22.05,61,95,5.14
44,Ponta Do Sol,PT,2021-03-24 02:10:31,32.6667,-17.1,55.0,59,47,5.01
45,New Norfolk,AU,2021-03-24 02:10:31,-42.7826,147.0587,62.01,84,100,1.01
46,Carballo,ES,2021-03-24 02:10:31,43.213,-8.691,46.99,91,95,1.21
47,Manjacaze,MZ,2021-03-24 02:10:32,-24.7117,33.8828,66.88,91,46,4.45
48,Butaritari,KI,2021-03-24 02:10:32,3.0707,172.7902,81.37,79,14,21.88
49,Husavik,IS,2021-03-24 02:10:32,66.0449,-17.3389,32.0,80,90,4.61
50,Acheng,CN,2021-03-24 02:10:32,45.5454,126.977,41.0,65,0,4.47
51,Tasiilaq,GL,2021-03-24 02:10:33,65.6145,-37.6368,6.8,61,10,6.91
52,Bengkulu,ID,2021-03-24 02:10:33,-3.8004,102.2655,77.74,84,100,2.04
53,Hambantota,LK,2021-03-24 02:06:10,6.1241,81.1185,73.4,100,75,5.75
54,Mataura,NZ,2021-03-24 02:10:33,-46.1927,168.8643,60.01,70,100,1.99
55,Chokurdakh,RU,2021-03-24 02:10:33,70.6333,147.9167,-7.37,94,100,11.99
56,Cidreira,BR,2021-03-24 02:10:34,-30.1811,-50.2056,71.74,91,100,8.52
57,Baltoji Voke,LT,2021-03-24 02:10:34,54.6,25.2,24.01,63,0,1.14
58,Magdagachi,RU,2021-03-24 02:10:34,53.45,125.8,23.0,73,28,0.96
59,Padang,ID,2021-03-24 02:10:34,-0.9492,100.3543,80.6,83,40,2.3
60,Sao Joao Da Barra,BR,2021-03-24 02:10:34,-21.6403,-41.0511,74.93,87,0,2.35
61,Ler,SS,2021-03-24 02:10:35,8.3018,30.1418,81.25,53,66,4.16
62,Eydhafushi,MV,2021-03-24 02:10:35,5.1033,73.0708,83.16,67,97,3.78
63,Rikitea,PF,2021-03-24 02:10:35,-23.1203,-134.9692,79.95,74,14,11.52
64,Mahebourg,MU,2021-03-24 02:10:35,-20.4081,57.7,77.0,94,40,6.91
65,Lagos,NG,2021-03-24 02:10:36,6.5833,3.75,79.29,83,100,6.42
66,Pevek,RU,2021-03-24 02:10:36,69.7008,170.3133,5.86,80,100,3.31
67,Carnarvon,AU,2021-03-24 02:10:36,-24.8667,113.6333,77.0,61,6,12.66
68,Dikson,RU,2021-03-24 02:10:36,73.5069,80.5464,-6.27,90,100,4.32
69,Touros,BR,2021-03-24 02:10:37,-5.1989,-35.4608,77.0,88,20,9.42
70,Ribeira Grande,PT,2021-03-24 02:10:37,38.5167,-28.7,55.74,56,39,9.08
71,Manokwari,ID,2021-03-24 02:10:37,-0.8667,134.0833,84.09,65,71,4.16
72,Georgetown,MY,2021-03-24 02:06:57,5.4112,100.3354,82.4,78,20,3.44
73,Walvis Bay,NA,2021-03-24 02:10:37,-22.9575,14.5053,64.4,82,16,5.75
74,Balkhash,KZ,2021-03-24 02:10:38,46.844,74.9804,19.4,93,0,6.71
75,Torbay,CA,2021-03-24 02:10:38,47.6666,-52.7314,41.0,45,75,24.16
76,Gangiova,RO,2021-03-24 02:10:38,43.9,23.85,36.0,75,40,14.97
77,Boddam,GB,2021-03-24 02:10:38,57.4667,-1.7833,41.0,70,100,6.91
78,Vila Velha,BR,2021-03-24 02:10:39,-20.3297,-40.2925,75.2,94,20,2.3
79,Busselton,AU,2021-03-24 02:10:39,-33.65,115.3333,63.0,66,57,3.0
80,Nizamabad,IN,2021-03-24 02:09:09,18.6667,78.1167,77.68,43,10,8.7
81,Geraldton,AU,2021-03-24 02:10:39,-28.7667,114.6,75.2,38,0,16.11
82,Barrow,US,2021-03-24 02:10:39,71.2906,-156.7887,-9.4,77,1,9.22
83,Cayenne,GF,2021-03-24 02:10:39,4.9333,-52.3333,80.01,89,75,4.61
84,Severo-Kurilsk,RU,2021-03-24 02:10:40,50.6789,156.125,34.59,85,90,14.83
85,Evensk,RU,2021-03-24 02:10:40,61.95,159.2333,18.63,80,81,3.42
86,Hobart,AU,2021-03-24 02:10:40,-42.8794,147.3294,62.01,88,75,9.22
87,Vaini,TO,2021-03-24 02:10:40,-21.2,-175.2,78.8,83,90,13.8
88,Gat,IL,2021-03-24 02:07:01,31.61,34.7642,61.0,100,4,7.94
89,Puerto Parra,CO,2021-03-24 02:10:41,6.6515,-74.0573,73.98,94,98,0.94
90,Mahibadhoo,MV,2021-03-24 02:06:38,3.7833,72.9667,82.26,68,99,2.13
91,San Carlos De Bariloche,AR,2021-03-24 02:10:41,-41.1456,-71.3082,51.8,71,40,11.5
92,Souillac,MU,2021-03-24 02:10:41,-20.5167,57.5167,77.0,94,40,6.91
93,Mahanoro,MG,2021-03-24 02:10:42,-19.9,48.8,76.6,90,90,6.6
94,Paso De Carrasco,UY,2021-03-24 02:10:42,-34.8603,-56.0522,66.99,82,0,8.05
95,Bluff,NZ,2021-03-24 02:10:42,-46.6,168.3333,60.01,70,93,1.99
96,Cabo San Lucas,MX,2021-03-24 02:09:54,22.8909,-109.9124,71.01,63,20,17.27
97,Diffa,NE,2021-03-24 02:10:42,13.3154,12.6113,81.21,16,26,8.9
98,Iqaluit,CA,2021-03-24 02:10:42,63.7506,-68.5145,-22.0,63,20,17.27
99,Saint-Augustin,CA,2021-03-24 02:10:43,51.226,-58.6502,22.91,89,42,6.42
100,Aykhal,RU,2021-03-24 02:10:43,66.0,111.5,0.03,90,99,3.24
101,Avera,US,2021-03-24 02:10:43,33.194,-82.5271,64.4,88,1,7.72
102,Beringovskiy,RU,2021-03-24 02:10:43,63.05,179.3167,31.44,83,70,5.55
103,Clyde River,CA,2021-03-24 02:10:44,70.4692,-68.5914,-18.4,76,75,9.22
104,Hermanus,ZA,2021-03-24 02:10:44,-34.4187,19.2345,68.0,82,14,4.0
105,Valdivia,CL,2021-03-24 02:10:44,-39.8142,-73.2459,57.2,82,75,3.44
106,Harnosand,SE,2021-03-24 02:10:44,62.6323,17.9379,37.99,93,0,2.3
107,Ilulissat,GL,2021-03-24 02:10:45,69.2167,-51.1,-5.8,65,90,10.36
108,Misratah,LY,2021-03-24 02:10:45,32.3754,15.0925,55.38,50,62,24.23
109,Kashary,RU,2021-03-24 02:10:45,49.04,41.0056,31.84,93,100,13.76
110,Oda,JP,2021-03-24 02:10:45,35.1833,132.5,60.8,48,75,16.11
111,Neuquen,AR,2021-03-24 02:09:15,-38.9516,-68.0591,71.6,43,0,9.22
112,Laguna,US,2021-03-24 02:10:46,38.421,-121.4238,64.4,17,1,12.66
113,Itarema,BR,2021-03-24 02:10:46,-2.9248,-39.9167,76.59,86,52,7.72
114,Mpophomeni,ZA,2021-03-24 02:10:46,-29.5682,30.1862,60.01,95,100,1.77
115,Alice Springs,AU,2021-03-24 02:10:46,-23.7,133.8833,77.0,69,40,5.75
116,Manicore,BR,2021-03-24 02:10:47,-5.8092,-61.3003,72.9,98,100,0.94
117,Lasa,IT,2021-03-24 02:10:47,46.6166,10.7002,37.0,74,0,6.91
118,Pachino,IT,2021-03-24 02:10:47,36.7186,15.0907,35.6,87,20,4.61
119,Faanui,PF,2021-03-24 02:10:47,-16.4833,-151.75,83.93,73,11,19.66
120,East London,ZA,2021-03-24 02:08:09,-33.0153,27.9116,65.8,77,39,9.48
121,Marawi,PH,2021-03-24 02:10:48,7.9986,124.2928,82.99,77,84,5.01
122,Weiser,US,2021-03-24 02:10:48,44.251,-116.9693,48.2,34,1,12.66
123,Dunedin,NZ,2021-03-24 02:10:48,-45.8742,170.5036,57.0,78,100,3.0
124,Hithadhoo,MV,2021-03-24 02:08:46,-0.6,73.0833,82.92,72,72,9.42
125,Alofi,NU,2021-03-24 02:10:48,-19.0595,-169.9187,84.2,79,37,9.22
126,Tarakan,ID,2021-03-24 02:10:49,3.3,117.6333,77.77,80,100,4.12
127,Sladkovo,RU,2021-03-24 02:10:49,55.5284,70.3385,11.88,95,64,9.8
128,Vila Franca Do Campo,PT,2021-03-24 02:10:49,37.7167,-25.4333,55.4,82,20,16.11
129,Shangrao,CN,2021-03-24 02:10:49,28.4532,117.9686,59.97,65,13,6.8
130,Samarai,PG,2021-03-24 02:10:50,-10.6167,150.6667,85.82,69,95,12.62
131,Shemysheyka,RU,2021-03-24 02:10:50,52.892,45.3928,20.68,97,30,7.72
132,Meadow Lake,US,2021-03-24 02:10:50,34.8014,-106.5436,46.99,49,90,5.75
133,Saint-Philippe,RE,2021-03-24 02:10:50,-21.3585,55.7679,77.0,83,0,5.75
134,Stornoway,GB,2021-03-24 02:10:51,58.2093,-6.3865,39.2,81,24,16.11
135,Labuhan,ID,2021-03-24 02:10:51,-6.8844,112.2051,82.26,74,94,5.39
136,Thompson,CA,2021-03-24 02:10:51,55.7435,-97.8558,6.8,51,75,5.75
137,Libohove,AL,2021-03-24 02:10:51,40.0311,20.2631,37.0,60,6,3.44
138,Aden,YE,2021-03-24 02:06:21,12.7794,45.0367,79.12,61,0,8.03
139,Yerbogachen,RU,2021-03-24 02:10:52,61.2767,108.0108,11.77,90,97,7.25
140,Abu Samrah,SY,2021-03-24 02:10:52,35.3029,37.1841,51.31,72,22,31.36
141,Puerto Ayora,EC,2021-03-24 02:10:31,-0.7393,-90.3518,75.99,95,37,2.37
142,Kitob,UZ,2021-03-24 02:10:52,39.0843,66.8332,42.8,93,80,6.91
143,Longyan,CN,2021-03-24 02:10:52,25.1072,117.0225,69.01,52,66,1.99
144,Avarua,CK,2021-03-24 02:10:53,-21.2078,-159.775,84.2,79,75,9.22
145,Paamiut,GL,2021-03-24 02:10:53,61.994,-49.6678,11.62,78,99,10.96
146,Taltal,CL,2021-03-24 02:10:53,-25.4,-70.4833,65.41,84,34,0.89
147,Cananea,MX,2021-03-24 02:10:53,30.95,-110.3,43.88,66,87,26.4
148,Port Hedland,AU,2021-03-24 02:08:18,-20.3167,118.5667,91.4,33,75,8.05
149,Black River,JM,2021-03-24 02:10:54,18.0264,-77.8487,78.8,78,40,3.44
150,Pamplona,ES,2021-03-24 02:10:54,42.8169,-1.6432,37.0,80,0,3.44
151,Candelaria,PH,2021-03-24 02:10:54,13.9311,121.4233,82.99,79,97,8.99
152,Constitucion,CL,2021-03-24 02:09:12,-35.3333,-72.4167,56.57,89,3,11.36
153,Klyuchi,RU,2021-03-24 02:10:54,52.2667,79.1667,26.78,93,100,27.42
154,Harper,LR,2021-03-24 02:10:54,4.375,-7.7169,78.17,88,100,7.38
155,Hofn,IS,2021-03-24 02:10:55,64.2539,-15.2082,35.19,47,9,7.34
156,Malanje,AO,2021-03-24 02:10:55,-9.5402,16.341,63.43,98,87,3.47
157,Yar-Sale,RU,2021-03-24 02:10:55,66.8333,70.8333,14.81,98,98,7.56
158,Nikki,BJ,2021-03-24 02:10:55,9.9401,3.2108,80.74,58,18,7.78
159,Nam Som,TH,2021-03-24 02:10:56,17.7704,102.1895,78.01,64,5,4.61
160,Bambous Virieux,MU,2021-03-24 02:10:56,-20.3428,57.7575,77.0,94,40,6.91
161,Arraial Do Cabo,BR,2021-03-24 02:10:56,-22.9661,-42.0278,75.2,88,20,1.99
162,Innisfail,AU,2021-03-24 02:10:56,-17.5333,146.0333,85.77,67,41,7.36
163,Sabang,ID,2021-03-24 02:10:57,5.8933,95.3214,80.49,76,100,13.04
164,Upernavik,GL,2021-03-24 02:10:57,72.7868,-56.1549,-15.74,95,99,2.3
165,Rio Grande,BR,2021-03-24 02:07:46,-32.035,-52.0986,68.0,94,97,5.93
166,Rorvik,NO,2021-03-24 02:10:57,64.8621,11.2373,42.31,85,100,15.55
167,Mayo,US,2021-03-24 02:10:57,38.8876,-76.5119,55.4,76,1,5.75
168,Presidente Venceslau,BR,2021-03-24 02:10:58,-21.8761,-51.8439,77.14,59,33,6.51
169,Bredasdorp,ZA,2021-03-24 02:10:58,-34.5322,20.0403,64.4,88,54,8.05
170,Kaitangata,NZ,2021-03-24 02:10:58,-46.2817,169.8464,59.0,74,97,5.99
171,Oshnaviyeh,IR,2021-03-24 02:10:58,37.0397,45.0983,46.4,100,90,4.61
172,Vestmannaeyjar,IS,2021-03-24 02:10:58,63.4427,-20.2734,38.32,57,99,17.87
173,San Pedro,PH,2021-03-24 02:10:59,14.35,121.0167,87.8,58,40,4.61
174,Maniitsoq,GL,2021-03-24 02:10:59,65.4167,-52.9,-4.05,92,79,9.62
175,Tromso,NO,2021-03-24 02:10:59,69.6496,18.957,33.8,93,75,11.5
176,Bintulu,MY,2021-03-24 02:10:59,3.1667,113.0333,80.6,89,20,4.61
177,Klaksvik,FO,2021-03-24 02:06:12,62.2266,-6.589,39.2,75,75,21.85
178,Salalah,OM,2021-03-24 02:11:00,17.0151,54.0924,73.4,40,0,2.3
179,Navirai,BR,2021-03-24 02:11:00,-23.065,-54.1906,73.96,79,22,4.21
180,Takanosu,JP,2021-03-24 02:11:00,40.2219,140.3694,55.4,62,75,16.11
181,Phan Thiet,VN,2021-03-24 02:10:16,10.9333,108.1,86.4,57,99,12.97
182,Bireun,ID,2021-03-24 02:11:00,5.203,96.7009,78.04,79,100,1.92
183,Waingapu,ID,2021-03-24 02:11:01,-9.6567,120.2641,84.47,66,29,2.53
184,Nome,US,2021-03-24 02:11:01,64.5011,-165.4064,8.6,78,90,25.32
185,Auki,SB,2021-03-24 02:11:01,-8.7676,160.7034,86.0,66,65,4.29
186,Roura,GF,2021-03-24 02:06:13,4.7263,-52.3274,80.01,89,75,4.61
187,Turukhansk,RU,2021-03-24 02:11:01,65.8167,87.9833,16.14,92,100,17.45
188,Marau,BR,2021-03-24 02:11:02,-28.4492,-52.2,66.47,98,100,3.49
189,Palmer,US,2021-03-24 02:11:02,42.1584,-72.3287,53.6,54,75,5.75
190,Batagay-Alyta,RU,2021-03-24 02:11:02,67.8006,130.4114,-6.72,86,100,3.85
191,Isangel,VU,2021-03-24 02:11:02,-19.55,169.2667,80.6,78,75,8.5
192,Morros,BR,2021-03-24 02:11:03,-9.4467,-46.3003,73.76,74,52,1.28
193,Mar Del Plata,AR,2021-03-24 02:11:03,-38.0023,-57.5575,66.99,94,0,6.91
194,Limerick,IE,2021-03-24 02:11:03,52.6647,-8.6231,44.6,81,75,8.05
195,Tuatapere,NZ,2021-03-24 02:11:03,-46.1333,167.6833,60.01,70,84,1.99
196,Sola,VU,2021-03-24 02:11:04,-13.8833,167.55,81.28,69,5,5.95
197,Lorengau,PG,2021-03-24 02:11:04,-2.0226,147.2712,84.9,68,100,7.7
198,Hun,LY,2021-03-24 02:11:04,29.1268,15.9477,48.61,54,0,14.07
199,Matara,LK,2021-03-24 02:11:04,5.9485,80.5353,78.84,78,97,7.94
200,Umm Kaddadah,SD,2021-03-24 02:11:05,13.6017,26.6876,83.62,9,86,1.81
201,Itacoatiara,BR,2021-03-24 02:11:05,-3.1431,-58.4442,74.17,95,95,2.57
202,Yulara,AU,2021-03-24 02:11:05,-25.2406,130.9889,80.6,54,0,8.05
203,Khani,GE,2021-03-24 02:11:05,41.9563,42.9566,46.4,93,90,11.5
204,Tuy Hoa,VN,2021-03-24 02:11:06,13.0833,109.3,74.34,89,100,7.85
205,Port Blair,IN,2021-03-24 02:11:06,11.6667,92.75,84.88,68,100,7.0
206,Bay Roberts,CA,2021-03-24 02:11:06,47.5999,-53.2648,41.0,45,75,24.16
207,Krapivinskiy,RU,2021-03-24 02:11:06,54.9992,86.8133,28.4,74,90,4.47
208,Ust-Omchug,RU,2021-03-24 02:11:07,61.15,149.6333,4.53,84,100,8.32
209,Puerto Quijarro,BO,2021-03-24 02:11:07,-17.7833,-57.7667,75.45,73,40,0.43
210,Rocha,UY,2021-03-24 02:11:07,-34.4833,-54.3333,64.13,81,60,4.5
211,Omsukchan,RU,2021-03-24 02:11:07,62.5333,155.8,0.37,75,62,2.95
212,Kharabali,RU,2021-03-24 02:11:08,47.4196,47.2568,38.23,72,100,13.91
213,Loa Janan,ID,2021-03-24 02:11:08,-0.583,117.095,78.13,88,99,2.26
214,Korla,CN,2021-03-24 02:11:08,41.7597,86.1469,49.8,36,100,4.0
215,Mackay,AU,2021-03-24 02:10:52,-21.15,149.2,91.0,66,40,9.22
216,Chandbali,IN,2021-03-24 02:11:08,20.7833,86.7667,83.52,46,1,8.14
217,Pisco,PE,2021-03-24 02:11:09,-13.7,-76.2167,69.8,83,75,11.5
218,Grand Gaube,MU,2021-03-24 02:11:09,-20.0064,57.6608,75.99,88,9,9.37
219,San Cayetano,CO,2021-03-24 02:11:09,7.8771,-72.6243,75.2,100,75,11.5
220,Ponta Delgada,PT,2021-03-24 02:11:09,37.7333,-25.6667,55.4,82,20,16.11
221,Tessalit,ML,2021-03-24 02:11:10,20.1986,1.0114,67.64,10,9,8.7
222,Saldanha,ZA,2021-03-24 02:11:10,-33.0117,17.9442,67.68,63,45,6.64
223,Jining,CN,2021-03-24 02:11:10,35.405,116.5814,66.0,1,64,1.01
224,Dubai,AE,2021-03-24 02:08:54,25.2582,55.3047,69.8,83,0,4.61
225,Moirang,IN,2021-03-24 02:11:10,24.5,93.7667,62.6,82,40,1.63
226,Zundert,NL,2021-03-24 02:11:11,51.4735,4.6418,39.99,93,12,1.14
227,Delijan,IR,2021-03-24 02:11:11,33.9905,50.6838,59.25,40,72,7.49
228,Port Elizabeth,ZA,2021-03-24 02:11:02,-33.918,25.5701,66.2,88,40,11.5
229,Saskylakh,RU,2021-03-24 02:11:11,71.9167,114.0833,-22.79,95,91,5.88
230,Codrington,AU,2021-03-24 02:11:11,-38.2667,141.9667,61.93,97,100,13.0
231,Baykit,RU,2021-03-24 02:11:12,61.67,96.37,9.37,95,100,1.14
232,Nouakchott,MR,2021-03-24 02:11:12,18.0858,-15.9785,66.2,88,4,11.5
233,Bethel,US,2021-03-24 02:11:12,41.3712,-73.414,51.8,62,1,2.68
234,Chimore,BO,2021-03-24 02:11:12,-16.9833,-65.1333,70.61,92,23,2.75
235,Sayyan,YE,2021-03-24 02:11:12,15.1718,44.3244,52.21,25,0,3.38
236,Venice,US,2021-03-24 02:06:25,27.0998,-82.4543,64.4,82,1,5.99
237,Bowen,AU,2021-03-24 02:11:13,-20.0167,148.2333,89.6,70,75,9.22
238,Karpogory,RU,2021-03-24 02:11:13,64.0019,44.4451,32.13,95,100,10.31
239,Houma,US,2021-03-24 02:11:13,29.5958,-90.7195,62.01,100,90,16.11
240,Aklavik,CA,2021-03-24 02:11:13,68.2191,-135.0107,5.0,56,100,5.75
241,Berlevag,NO,2021-03-24 02:11:14,70.8578,29.0864,33.26,72,36,36.6
242,Nabire,ID,2021-03-24 02:11:14,-3.3667,135.4833,87.01,63,86,4.32
243,Sinjar,IQ,2021-03-24 02:11:14,36.3209,41.8754,59.81,78,99,7.25
244,Chuy,UY,2021-03-24 02:11:14,-33.6971,-53.4616,65.25,80,30,5.82
245,Durant,US,2021-03-24 02:09:05,33.994,-96.3708,60.8,51,1,4.61
246,Haukipudas,FI,2021-03-24 02:11:15,65.1765,25.3523,41.0,70,0,6.91
247,Sarankhola,BD,2021-03-24 02:11:15,22.3082,89.7897,86.86,45,3,7.52
248,Santa Maria,BR,2021-03-24 02:11:15,-29.6842,-53.8069,69.8,100,90,5.75
249,Bonavista,CA,2021-03-24 02:11:15,48.6499,-53.1147,41.0,48,100,9.22
250,Srikakulam,IN,2021-03-24 02:11:16,18.3,83.9,82.63,38,49,4.18
251,Juneau,US,2021-03-24 02:11:16,58.3019,-134.4197,35.6,80,90,3.44
252,Esperance,AU,2021-03-24 02:11:16,-33.8667,121.9,62.6,63,90,6.91
253,Kununurra,AU,2021-03-24 02:11:16,-15.7667,128.7333,89.6,74,98,2.3
254,Sao Filipe,CV,2021-03-24 02:11:17,14.8961,-24.4956,70.79,75,4,8.41
255,Coquimbo,CL,2021-03-24 02:11:17,-29.9533,-71.3436,60.8,82,0,1.14
256,Cherskiy,RU,2021-03-24 02:11:17,68.75,161.3,10.04,89,100,3.42
257,Mvuma,ZW,2021-03-24 02:11:17,-19.2792,30.5283,60.76,81,100,8.48
258,Sann,PK,2021-03-24 02:11:18,26.0418,68.1378,68.0,77,20,4.61
259,Gemena,CD,2021-03-24 02:11:18,3.25,19.7667,69.58,88,100,1.74
260,Guerrero Negro,MX,2021-03-24 02:11:18,27.9769,-114.0611,58.26,70,34,19.98
261,Buedu,SL,2021-03-24 02:11:18,8.2803,-10.3719,70.43,98,100,2.64
262,Fethiye,TR,2021-03-24 02:11:19,36.6217,29.1164,48.2,76,75,12.66
263,Takoradi,GH,2021-03-24 02:11:19,4.8845,-1.7554,79.14,83,100,10.71
264,Mwinilunga,ZM,2021-03-24 02:11:19,-11.7358,24.4293,59.97,98,53,3.29
265,Shetpe,KZ,2021-03-24 02:11:19,44.1667,52.1167,45.14,62,100,21.23
266,Ozernovskiy,RU,2021-03-24 02:11:20,51.5,156.5167,33.37,78,97,21.03
267,Qui Nhon,VN,2021-03-24 02:11:20,13.7667,109.2333,76.96,80,100,13.65
268,Mount Isa,AU,2021-03-24 02:11:20,-20.7333,139.5,80.6,74,75,8.05
269,Ilek,RU,2021-03-24 02:11:20,51.5271,53.3831,24.87,93,99,9.4
270,Port Shepstone,ZA,2021-03-24 02:11:20,-30.7414,30.455,69.62,73,100,6.51
271,Kerouane,GN,2021-03-24 02:11:21,9.2667,-9.0167,75.07,78,100,3.42
272,Talaya,RU,2021-03-24 02:11:21,61.3833,152.75,3.22,81,100,7.11
273,Charters Towers,AU,2021-03-24 02:07:19,-20.1,146.2667,89.94,47,77,3.38
274,Ozerki,RU,2021-03-24 02:11:21,57.6167,39.8833,14.0,85,0,2.24
275,Portland,US,2021-03-24 02:10:47,45.5234,-122.6762,54.0,52,58,1.01
276,Zhengjiatun,CN,2021-03-24 02:11:21,43.5064,123.5064,52.79,25,0,8.57
277,Madimba,TZ,2021-03-24 02:11:22,-10.4,40.3333,73.4,94,20,9.22
278,Moga,IN,2021-03-24 02:08:11,30.8,75.1667,60.31,67,86,8.16
279,Kaniama,CD,2021-03-24 02:11:22,-7.5667,24.1833,64.96,96,89,2.98
280,Dodge City,US,2021-03-24 02:11:22,37.7528,-100.0171,44.6,70,90,18.41
281,Bonthe,SL,2021-03-24 02:11:23,7.5264,-12.505,77.2,84,100,6.76
282,Avon Park,US,2021-03-24 02:11:23,27.5959,-81.5062,69.01,77,1,9.22
283,Entre Rios,BR,2021-03-24 02:11:23,-11.9419,-38.0844,69.06,90,5,2.77
284,Russkaya Polyana,UA,2021-03-24 02:11:23,49.417,31.9201,29.53,96,100,15.73
285,Pangkalanbuun,ID,2021-03-24 02:11:23,-2.6833,111.6167,82.38,74,89,2.44
286,Norman Wells,CA,2021-03-24 02:11:24,65.282,-126.8329,10.4,52,20,14.97
287,Opuwo,NA,2021-03-24 02:11:24,-18.0607,13.84,68.11,91,100,4.74
288,Hinton,CA,2021-03-24 02:11:24,53.4001,-117.5857,37.4,48,100,6.91
289,Birin,NP,2021-03-24 02:11:24,26.8865,88.0718,70.41,19,22,1.92
290,Port Lincoln,AU,2021-03-24 02:11:25,-34.7333,135.8667,71.44,62,24,11.07
291,Launceston,AU,2021-03-24 02:11:25,-41.45,147.1667,61.0,82,90,26.46
292,Saint-Pierre,RE,2021-03-24 02:11:25,-21.3393,55.4781,77.0,83,0,5.75
293,Rome,US,2021-03-24 02:09:58,34.257,-85.1647,62.6,67,90,19.57
294,Bolshoye Nagatkino,RU,2021-03-24 02:11:25,54.5196,47.9679,32.0,100,90,2.24
295,Tahe,CN,2021-03-24 02:11:26,52.3333,124.7333,31.42,64,12,3.62
296,Rawson,AR,2021-03-24 02:11:26,-43.3002,-65.1023,65.01,51,69,5.66
297,The Valley,AI,2021-03-24 02:07:28,18.217,-63.0578,75.99,83,75,11.5
298,Alekseyevsk,RU,2021-03-24 02:11:26,57.8406,108.3492,27.46,90,100,5.61
299,Cedar City,US,2021-03-24 02:11:26,37.6775,-113.0619,35.6,75,90,9.22
300,Lahaina,US,2021-03-24 02:11:27,20.8783,-156.6825,80.6,53,20,4.61
301,Khatanga,RU,2021-03-24 02:11:27,71.9667,102.5,-4.97,93,100,3.98
302,Florida,US,2021-03-24 02:11:27,28.7505,-82.5001,60.01,94,1,2.01
303,Huarmey,PE,2021-03-24 02:11:27,-10.0681,-78.1522,72.16,79,100,10.2
304,Dingle,PH,2021-03-24 02:11:28,10.9995,122.6711,85.12,67,95,14.32
305,Kopavogur,IS,2021-03-24 02:11:28,64.1123,-21.913,30.2,86,0,4.61
306,Vardo,NO,2021-03-24 02:11:28,70.3705,31.1107,32.9,68,8,30.27
307,Camacha,PT,2021-03-24 02:11:28,33.0833,-16.3333,60.8,67,20,12.66
308,Iquique,CL,2021-03-24 02:11:28,-20.2208,-70.1431,69.8,56,0,8.05
309,Victoria,HK,2021-03-24 02:11:29,22.2855,114.1577,70.0,69,95,1.01
310,Vuktyl,RU,2021-03-24 02:11:29,63.8567,57.3094,15.98,93,100,9.69
311,Navalcarnero,ES,2021-03-24 02:11:29,40.2891,-4.012,52.0,61,0,3.44
312,Parrita,CR,2021-03-24 02:11:29,9.5201,-84.3225,69.8,94,75,8.05
313,Sulangan,PH,2021-03-24 02:11:30,11.1373,123.7228,81.77,75,100,11.36
314,Tiznit,MA,2021-03-24 02:11:30,29.5833,-9.5,62.37,21,0,5.35
315,Carutapera,BR,2021-03-24 02:11:30,-1.195,-46.02,75.49,93,100,5.84
316,Itaituba,BR,2021-03-24 02:11:30,-4.2761,-55.9836,72.72,98,100,1.95
317,Kokkola,FI,2021-03-24 02:11:31,63.8385,23.1307,39.0,75,0,8.05
318,Lewiston,US,2021-03-24 02:11:31,44.1003,-70.2148,42.01,100,1,2.66
319,Camana,PE,2021-03-24 02:10:08,-16.6228,-72.7111,71.49,82,95,5.55
320,Gold Coast,AU,2021-03-24 02:11:31,-28.0,153.4333,89.01,58,10,12.66
321,Gigmoto,PH,2021-03-24 02:11:31,13.7796,124.39,83.86,67,81,13.38
322,Basoko,CD,2021-03-24 02:11:32,1.2391,23.616,72.41,81,20,1.92
323,Sibolga,ID,2021-03-24 02:11:32,1.7427,98.7792,75.52,89,100,2.37
324,Nizhniy Kuranakh,RU,2021-03-24 02:11:32,58.8353,125.4869,7.21,84,100,4.79
325,Narok,KE,2021-03-24 02:11:32,-1.0783,35.8601,56.59,80,46,3.22
326,Lompoc,US,2021-03-24 02:11:01,34.6391,-120.4579,55.4,58,20,9.22
327,Sheridan,US,2021-03-24 02:11:33,44.8333,-106.9173,37.99,60,90,13.8
328,Cockburn Town,TC,2021-03-24 02:11:33,21.4612,-71.1419,77.67,77,0,14.52
329,Gaziantep,TR,2021-03-24 02:11:33,37.0594,37.3825,50.0,81,75,12.66
330,Fairbanks,US,2021-03-24 02:11:33,64.8378,-147.7164,19.4,57,75,10.36
331,Svetlogorsk,BY,2021-03-24 02:11:33,52.6333,29.7333,26.56,83,8,6.78
332,Zhigansk,RU,2021-03-24 02:11:34,66.7697,123.3711,-16.87,90,41,8.5
333,Dakar,SN,2021-03-24 02:11:34,14.6937,-17.4441,66.2,88,0,16.11
334,Agadez,NE,2021-03-24 02:11:34,19.75,10.25,68.67,20,44,11.43
335,Myitkyina,MM,2021-03-24 02:11:34,25.3833,97.4,80.51,28,0,0.78
336,Banjar,ID,2021-03-24 02:11:35,-8.19,114.9675,82.4,78,40,5.75
337,Ballina,AU,2021-03-24 02:11:35,-28.8667,153.5667,84.2,61,40,13.8
338,Traverse City,US,2021-03-24 02:11:35,44.7631,-85.6206,52.0,58,90,3.44
339,Mehamn,NO,2021-03-24 02:11:35,71.0357,27.8492,32.81,72,73,34.49
340,Samana,DO,2021-03-24 02:11:36,19.2056,-69.3369,74.53,82,99,7.45
341,Kieta,PG,2021-03-24 02:11:36,-6.2167,155.6333,83.14,72,100,3.38
342,Jiujiang,CN,2021-03-24 02:11:36,29.7333,115.9833,61.68,52,0,3.44
343,Marsa Matruh,EG,2021-03-24 02:07:08,31.3525,27.2453,57.2,47,0,24.16
344,Chapleau,CA,2021-03-24 02:11:36,47.8405,-83.4034,39.2,100,90,6.91
345,Mutsu,JP,2021-03-24 02:11:37,41.2894,141.2169,50.0,81,75,8.05
346,Nantucket,US,2021-03-24 02:07:03,41.2835,-70.0995,44.01,88,54,7.38
347,Meulaboh,ID,2021-03-24 02:11:37,4.1363,96.1285,78.1,87,100,6.98
348,Praia Da Vitoria,PT,2021-03-24 02:11:37,38.7333,-27.0667,55.4,71,40,8.93
349,Chicama,PE,2021-03-24 02:11:38,-7.8447,-79.1469,69.8,88,40,8.05
350,Sao Domingos Do Prata,BR,2021-03-24 02:11:38,-19.865,-42.9683,67.44,89,1,1.41
351,Nyamati,IN,2021-03-24 02:11:38,14.15,75.5833,75.33,71,5,1.61
352,Ibra,OM,2021-03-24 02:11:38,22.6906,58.5334,66.87,34,0,1.57
353,Longyearbyen,SJ,2021-03-24 02:11:38,78.2186,15.6401,23.0,68,75,2.3
354,Kushima,JP,2021-03-24 02:11:39,31.4583,131.2333,60.8,51,40,5.75
355,Nakhon Sawan,TH,2021-03-24 02:11:39,15.7,100.0833,89.01,49,19,7.49
356,Komsomolskiy,UZ,2021-03-24 02:11:39,40.4272,71.7189,48.2,76,5,4.61
357,Narsaq,GL,2021-03-24 02:11:39,60.9167,-46.05,17.6,41,75,8.05
358,Bonfim,BR,2021-03-24 02:11:40,3.0833,-59.95,78.37,76,100,10.33
359,Gulfport,US,2021-03-24 02:07:00,30.3674,-89.0928,60.8,88,90,10.36
360,Port Said,EG,2021-03-24 02:11:40,31.2565,32.2841,59.0,82,0,16.11
361,Lockhart,US,2021-03-24 02:11:40,28.6194,-81.4426,69.01,64,1,8.05
362,Kingman,US,2021-03-24 02:11:40,35.1894,-114.053,46.4,66,90,13.8
363,Pleshanovo,RU,2021-03-24 02:11:41,52.8333,53.4833,24.91,96,100,6.49
364,Las Palmas,ES,2021-03-24 02:11:41,28.4204,-14.0131,66.2,59,0,8.05
365,Vao,NC,2021-03-24 02:11:41,-22.6667,167.4833,75.49,63,98,11.3
366,Balikpapan,ID,2021-03-24 02:11:41,-1.2675,116.8289,81.52,75,91,4.29
367,Ketchikan,US,2021-03-24 02:11:42,55.3422,-131.6461,42.8,100,90,13.8
368,Kutum,SD,2021-03-24 02:11:42,14.2,24.6667,78.64,14,89,5.53
369,Owerri,NG,2021-03-24 02:11:42,5.4833,7.0304,78.8,89,40,1.45
370,Helong,CN,2021-03-24 02:11:42,42.5397,128.9972,50.76,43,100,9.22
371,Impfondo,CG,2021-03-24 02:11:43,1.6381,18.0667,71.47,88,81,2.51
372,Northam,GB,2021-03-24 02:11:43,51.0333,-4.2167,48.99,89,100,8.01
373,Kokstad,ZA,2021-03-24 02:11:43,-30.5472,29.4241,52.56,95,75,3.4
374,Port Dickson,MY,2021-03-24 02:11:43,2.5228,101.7959,80.6,78,20,3.69
375,College,US,2021-03-24 02:11:44,64.8569,-147.8028,19.4,53,75,8.05
376,Maragogi,BR,2021-03-24 02:11:44,-9.0122,-35.2225,78.17,80,18,6.73
377,Alyangula,AU,2021-03-24 02:11:44,-13.8483,136.4192,84.11,73,100,7.52
378,Halifax,CA,2021-03-24 02:10:04,44.6453,-63.5724,41.0,87,0,1.14
379,Kuala Terengganu,MY,2021-03-24 02:11:44,5.3302,103.1408,84.2,84,40,10.36
380,Khed Brahma,IN,2021-03-24 02:11:45,24.0333,73.05,75.78,27,0,5.59
381,Roswell,US,2021-03-24 02:11:45,34.0232,-84.3616,62.01,72,40,6.55
382,Manacapuru,BR,2021-03-24 02:11:41,-3.2997,-60.6206,77.0,94,75,2.3
383,Los Llanos De Aridane,ES,2021-03-24 02:07:12,28.6585,-17.9182,62.6,63,20,11.5
384,Pirogovo,RU,2021-03-24 02:11:45,56.7796,53.1495,9.72,99,77,3.8
385,Tura,IN,2021-03-24 02:11:45,25.5198,90.2201,83.77,20,10,6.15
386,Nizhnevartovsk,RU,2021-03-24 02:11:46,60.9344,76.5531,12.2,85,0,6.71
387,Moctezuma,MX,2021-03-24 02:11:46,29.8,-109.6667,60.04,31,0,23.29
388,Pacific Grove,US,2021-03-24 02:11:46,36.6177,-121.9166,55.99,67,1,14.0
389,Bodden Town,KY,2021-03-24 02:11:46,19.2833,-81.25,79.0,78,20,6.91
390,Emba,KZ,2021-03-24 02:09:16,48.8264,58.1442,21.87,85,73,8.46
391,Bundibugyo,UG,2021-03-24 02:11:47,0.7414,30.0417,69.4,66,99,1.3
392,Bilma,NE,2021-03-24 02:11:47,18.6853,12.9164,73.26,18,56,19.35
393,Monthey,CH,2021-03-24 02:11:47,46.2555,6.9607,37.99,75,0,2.3
394,Mabaruma,GY,2021-03-24 02:11:47,8.2,-59.7833,74.16,82,82,3.2
395,Ancud,CL,2021-03-24 02:11:47,-41.8697,-73.8203,50.0,76,0,5.75
396,Hasaki,JP,2021-03-24 02:11:48,35.7333,140.8333,64.0,48,75,10.36
397,Puerto Escondido,MX,2021-03-24 02:11:48,15.85,-97.0667,78.37,75,0,9.19
398,Lilongwe,MW,2021-03-24 02:11:48,-13.9669,33.7873,62.65,96,87,4.99
399,Shubarkuduk,KZ,2021-03-24 02:11:48,49.1447,56.4872,24.44,91,100,12.55
400,Sokoni,TZ,2021-03-24 02:11:49,-6.4333,39.55,78.8,89,20,2.51
401,Gimli,CA,2021-03-24 02:11:49,50.6336,-96.9907,23.0,63,100,14.97
402,San Patricio,US,2021-03-24 02:11:49,28.017,-97.5169,75.2,60,1,10.36
403,Necochea,AR,2021-03-24 02:09:54,-38.5473,-58.7368,63.05,65,1,10.56
404,Buin,CL,2021-03-24 02:11:49,-33.7333,-70.75,66.99,59,0,8.05
405,Manggar,ID,2021-03-24 02:11:50,-2.8833,108.2667,84.13,68,100,4.14
406,Half Moon Bay,US,2021-03-24 02:07:48,37.4636,-122.4286,63.0,31,1,17.27
407,Senanga,ZM,2021-03-24 02:11:50,-16.1167,23.2667,64.54,90,0,3.89
408,Grand-Santi,GF,2021-03-24 02:11:50,4.25,-54.3833,73.08,99,100,1.57
409,Oparino,RU,2021-03-24 02:11:50,59.8518,48.2783,19.81,90,100,10.83
410,Flin Flon,CA,2021-03-24 02:11:51,54.7682,-101.865,7.84,92,97,3.58
411,Faya,SA,2021-03-24 02:11:51,18.3851,42.4509,59.0,35,0,4.61
412,Gravdal,NO,2021-03-24 02:11:51,68.1214,13.5031,41.67,91,100,33.87
413,Wang Saphung,TH,2021-03-24 02:07:02,17.301,101.7685,81.0,83,0,4.47
414,Sitka,US,2021-03-24 02:11:51,57.0531,-135.33,42.8,87,90,5.75
415,Tigil,RU,2021-03-24 02:11:52,57.8,158.6667,26.53,68,100,11.45
416,Boa Viagem,BR,2021-03-24 02:11:52,-5.1275,-39.7322,71.62,91,97,1.54
417,Egvekinot,RU,2021-03-24 02:11:52,66.3167,-179.1667,14.34,89,100,7.67
418,Anqing,CN,2021-03-24 02:11:52,30.5092,117.0506,59.5,61,35,7.23
419,Dom Pedro,BR,2021-03-24 02:11:53,-4.4833,-44.45,71.94,98,99,2.35
420,Mollendo,PE,2021-03-24 02:11:53,-17.0231,-72.0147,71.01,81,71,5.59
421,Sao Benedito Do Rio Preto,BR,2021-03-24 02:11:53,-3.3336,-43.5283,72.86,98,100,2.68
422,Shingu,JP,2021-03-24 02:11:53,33.7333,135.9833,60.8,59,75,11.5
423,Abalak,RU,2021-03-24 02:11:54,58.1286,68.5944,22.51,95,100,7.36
424,Esfahan,IR,2021-03-24 02:11:54,32.6572,51.6776,50.0,34,15,6.91
425,Deputatskiy,RU,2021-03-24 02:11:54,69.3,139.9,-7.24,80,100,3.67
426,Baijiantan,CN,2021-03-24 02:11:54,45.6333,85.1833,47.1,52,100,36.1
427,Labytnangi,RU,2021-03-24 02:11:54,66.6572,66.4183,3.11,95,91,4.7
428,Alexandria,EG,2021-03-24 02:11:54,31.2156,29.9553,62.6,48,40,20.71
429,Freeport,US,2021-03-24 02:11:55,40.6576,-73.5832,51.01,87,1,3.44
430,Ledyard,US,2021-03-24 02:11:55,41.4398,-72.0142,46.99,93,1,3.49
431,Novochernorechenskiy,RU,2021-03-24 02:11:55,56.2669,91.0828,24.73,87,100,6.91
432,Srednekolymsk,RU,2021-03-24 02:11:55,67.45,153.6833,1.63,87,100,10.13
433,Kati,ML,2021-03-24 02:11:56,12.7441,-8.0726,84.2,21,0,4.61
434,Moree,AU,2021-03-24 02:11:56,-29.4667,149.85,77.0,57,75,13.8
435,Verkhnyaya Toyma,RU,2021-03-24 02:11:56,62.2349,44.9985,27.01,94,100,10.83
436,Ugoofaaru,MV,2021-03-24 02:11:56,5.6667,73.0,83.21,68,89,4.23
437,Salaga,GH,2021-03-24 02:11:57,8.5508,-0.5188,81.37,66,100,6.44
438,Beidao,CN,2021-03-24 02:11:57,34.5686,105.8933,54.57,50,100,1.86
439,Saint-Francois,FR,2021-03-24 02:11:57,46.4154,3.9054,33.01,93,0,4.61
440,Ullapool,GB,2021-03-24 02:11:57,57.8987,-5.1604,41.0,65,31,14.0
441,Astana,KZ,2021-03-24 02:11:58,51.1801,71.446,3.2,92,40,8.95
442,Sisimiut,GL,2021-03-24 02:11:58,66.9395,-53.6735,-6.5,95,100,9.37
443,Hay River,CA,2021-03-24 02:10:49,60.8156,-115.7999,5.0,72,98,9.22
444,Baturaja,ID,2021-03-24 02:11:58,-4.1333,104.1667,77.4,88,100,1.52
445,Bom Jesus,BR,2021-03-24 02:11:58,-9.0744,-44.3586,75.96,68,95,1.66
446,Tottori,JP,2021-03-24 02:11:07,35.5,134.2333,59.0,38,75,4.61
447,Fort-Shevchenko,KZ,2021-03-24 02:11:59,44.5086,50.263,49.12,66,100,32.06
448,Lambayeque,PE,2021-03-24 02:11:59,-6.7011,-79.9061,71.6,78,0,16.11
449,Hohhot,CN,2021-03-24 02:11:59,40.8106,111.6522,46.4,27,0,2.24
450,Grindavik,IS,2021-03-24 02:11:59,63.8424,-22.4338,32.0,80,40,4.61
451,Palmeira,BR,2021-03-24 02:12:00,-25.4294,-50.0064,64.31,93,100,1.05
452,Waddan,LY,2021-03-24 02:12:00,29.1614,16.139,48.25,55,0,14.12
453,Methoni,GR,2021-03-24 02:12:00,36.8197,21.7049,44.6,65,99,3.44
454,Kyaukse,MM,2021-03-24 02:12:00,21.6,96.1333,80.6,61,20,3.44
455,Fare,PF,2021-03-24 02:12:01,-16.7,-151.0167,83.66,73,3,20.13
456,Zaragoza,ES,2021-03-24 02:09:59,41.6561,-0.8773,44.01,61,0,3.29
457,Burnie,AU,2021-03-24 02:12:01,-41.0667,145.9167,60.01,90,100,8.99
458,Jiexiu,CN,2021-03-24 02:12:01,37.0244,111.9125,56.17,31,100,6.29
459,Pontes E Lacerda,BR,2021-03-24 02:12:01,-15.2261,-59.3353,70.63,94,1,2.71
460,Yangambi,CD,2021-03-24 02:07:28,0.8102,24.4336,67.73,94,33,1.57
461,Mattru,SL,2021-03-24 02:12:02,7.6244,-11.8332,74.62,92,100,1.23
462,Scorteni,RO,2021-03-24 02:12:02,45.1,25.85,27.0,68,86,5.1
463,Sao Felix Do Xingu,BR,2021-03-24 02:12:02,-6.6447,-51.995,71.17,96,100,1.72
464,Sinnamary,GF,2021-03-24 02:12:02,5.3833,-52.95,76.66,88,94,11.45
465,Szprotawa,PL,2021-03-24 02:12:02,51.5656,15.5366,39.99,82,100,4.0
466,Areka,ET,2021-03-24 02:12:03,7.0667,37.7,59.18,24,6,4.63
467,Amapa,BR,2021-03-24 02:12:03,1.0,-52.0,72.12,98,100,2.28
468,Gueret,FR,2021-03-24 02:12:03,46.1667,1.8667,44.6,65,0,4.61
469,Fort Frances,CA,2021-03-24 02:08:59,48.5999,-93.4003,44.6,39,90,3.44
470,Moose Factory,CA,2021-03-24 02:12:03,51.2585,-80.6094,32.0,74,90,4.61
471,Hervey Bay,AU,2021-03-24 02:12:04,-25.2986,152.8535,82.99,82,9,8.01
472,Buluang,PH,2021-03-24 02:12:04,13.3068,123.3425,85.42,63,100,2.66
473,Nemuro,JP,2021-03-24 02:12:04,43.3236,145.575,46.4,61,20,12.66
474,Jeremoabo,BR,2021-03-24 02:12:04,-10.075,-38.4808,69.89,96,23,6.42
475,Brandfort,ZA,2021-03-24 02:12:05,-28.7001,26.4597,60.8,82,100,3.44
476,Alta Floresta,BR,2021-03-24 02:12:05,-9.8756,-56.0861,75.2,100,0,1.14
477,Saint Anthony,US,2021-03-24 02:12:05,45.0205,-93.218,46.0,87,90,11.5
478,Kaeo,NZ,2021-03-24 02:12:05,-35.1,173.7833,71.01,75,51,4.0
479,Nakamura,JP,2021-03-24 02:12:06,32.9833,132.9333,61.56,56,35,5.17
480,Kastamonu,TR,2021-03-24 02:12:06,41.5,33.6667,29.16,97,100,2.35
481,Talnakh,RU,2021-03-24 02:12:06,69.4865,88.3972,4.84,95,100,15.41
482,Inuvik,CA,2021-03-24 02:10:43,68.3499,-133.7218,5.0,56,100,5.75
483,Bada,RU,2021-03-24 02:12:06,51.392,109.8717,35.46,81,95,5.12
484,Peniche,PT,2021-03-24 02:12:07,39.3558,-9.3811,52.0,80,11,1.99
485,Kruisfontein,ZA,2021-03-24 02:12:07,-34.0033,24.7314,64.0,86,100,1.99
486,Moka,JP,2021-03-24 02:12:07,36.4333,140.0167,64.0,44,20,12.66
487,La Rioja,ES,2021-03-24 02:12:07,42.25,-2.5,44.01,75,0,3.44
488,Praya,CV,2021-03-24 02:12:08,14.9215,-23.5087,68.0,77,20,17.27
489,Atikokan,CA,2021-03-24 02:12:08,48.7555,-91.6216,38.16,74,100,8.97
490,Srandakan,ID,2021-03-24 02:12:08,-7.9386,110.2506,82.87,72,100,4.32
491,Gizo,SB,2021-03-24 02:12:08,-8.103,156.8419,85.42,68,78,6.51
492,Kalanguy,RU,2021-03-24 02:12:09,51.0167,116.5167,25.63,88,93,3.47
493,Veraval,IN,2021-03-24 02:12:09,20.9,70.3667,77.04,52,0,10.83
494,Gamba,GA,2021-03-24 02:12:09,-2.65,10.0,77.59,87,82,4.34
495,Gifhorn,DE,2021-03-24 02:12:09,52.4833,10.55,42.01,87,90,4.61
496,Cururupu,BR,2021-03-24 02:12:10,-1.8283,-44.8683,73.67,97,98,2.98
497,Tual,ID,2021-03-24 02:12:10,-5.6667,132.75,83.93,71,97,5.39
498,Yenagoa,NG,2021-03-24 02:12:10,4.9247,6.2642,76.64,88,100,4.25
499,Traralgon,AU,2021-03-24 02:12:10,-38.1833,146.5333,64.99,93,100,8.01
500,Inhambane,MZ,2021-03-24 02:12:10,-23.865,35.3833,70.92,71,18,8.46
501,Talcahuano,CL,2021-03-24 02:12:11,-36.7167,-73.1167,60.8,77,0,12.66
502,Provideniya,RU,2021-03-24 02:12:11,64.3833,-173.3,32.07,90,100,16.73
503,Ganderkesee,DE,2021-03-24 02:12:11,53.0333,8.5333,42.01,87,75,6.91
504,Lander,US,2021-03-24 02:12:11,42.833,-108.7307,32.0,86,90,5.75
505,Jacareacanga,BR,2021-03-24 02:12:12,-6.2222,-57.7528,73.78,94,100,1.72
506,Boguchany,RU,2021-03-24 02:12:12,58.3814,97.4531,22.93,85,57,1.99
507,Okha,RU,2021-03-24 02:12:12,53.5739,142.9478,12.02,66,13,24.0
508,Rudnogorsk,RU,2021-03-24 02:12:12,57.2639,103.7519,26.01,84,100,3.33
509,Lavrentiya,RU,2021-03-24 02:12:13,65.5833,-171.0,16.47,94,100,9.95
510,Asau,RO,2021-03-24 02:12:13,46.4333,26.4,30.0,53,93,8.23
511,Aketi,CD,2021-03-24 02:12:13,2.7388,23.7833,69.37,96,45,1.81
512,Quezaltepeque,SV,2021-03-24 02:12:13,13.835,-89.2744,70.0,96,0,1.99
513,Batagay,RU,2021-03-24 02:12:14,67.6333,134.6333,-10.93,87,100,4.14
514,Caravelas,BR,2021-03-24 02:12:14,-17.7125,-39.2481,75.07,86,0,4.72
515,Olafsvik,IS,2021-03-24 02:12:14,64.8945,-23.7142,34.29,61,100,16.67
516,Tutoia,BR,2021-03-24 02:12:14,-2.7619,-42.2744,77.02,88,84,9.33
517,Oranjestad,AW,2021-03-24 02:09:25,12.524,-70.027,80.6,78,20,16.11
518,Den Helder,NL,2021-03-24 02:12:14,52.9599,4.7593,43.0,87,10,11.5
519,Thinadhoo,MV,2021-03-24 02:12:15,0.5333,72.9333,82.56,73,79,8.61
520,Skelleftea,SE,2021-03-24 02:12:15,64.7507,20.9528,41.0,70,40,4.61
521,Bagotville,AU,2021-03-24 02:12:15,-28.9833,153.4167,84.2,61,40,13.8
522,Benjamin Constant,BR,2021-03-24 02:12:15,-4.3831,-70.0311,75.2,100,75,3.44
523,Taoudenni,ML,2021-03-24 02:12:16,22.6783,-3.9836,66.36,13,2,12.55
524,Komsomolets,KZ,2021-03-24 02:12:16,53.7453,62.0708,26.51,89,100,12.39
525,Kothi,IN,2021-03-24 02:12:16,24.75,80.7833,79.11,27,58,7.65
526,Afsin,TR,2021-03-24 02:12:16,38.2477,36.914,39.78,92,73,8.37
527,Ongandjera,NA,2021-03-24 02:12:17,-17.8833,15.0667,73.18,71,100,9.01
528,Kankakee,US,2021-03-24 02:12:17,41.15,-87.8667,57.0,94,90,16.11
529,North Bend,US,2021-03-24 02:12:17,43.4065,-124.2243,51.01,81,1,18.41
530,Jinchang,CN,2021-03-24 02:12:17,38.4953,102.1739,47.64,12,100,7.94
531,Puerto Del Rosario,ES,2021-03-24 02:12:17,28.5004,-13.8627,66.2,59,0,8.05
532,High Rock,BS,2021-03-24 02:12:18,26.6208,-78.2833,69.8,64,75,7.36
533,Guerande,FR,2021-03-24 02:12:18,47.3291,-2.4283,35.6,100,75,1.14
534,Palana,RU,2021-03-24 02:12:18,59.1167,159.9667,21.61,75,24,20.87
535,Altamira,BR,2021-03-24 02:12:18,-3.2033,-52.2064,71.91,96,29,1.68
536,Bayangol,RU,2021-03-24 02:12:19,50.6977,103.4656,31.98,63,70,1.3
537,Maldonado,UY,2021-03-24 02:09:26,-34.6667,-54.9167,66.2,94,0,8.05
538,Nouadhibou,MR,2021-03-24 02:12:19,20.931,-17.0347,62.6,88,0,14.97
539,Sorland,NO,2021-03-24 02:12:19,67.667,12.6934,42.1,89,100,36.26
540,Lipin Bor,RU,2021-03-24 02:12:19,60.2622,37.9763,26.82,94,100,12.93
541,Mazagao,BR,2021-03-24 02:12:20,-0.115,-51.2894,78.8,94,90,6.91
542,Tabou,CI,2021-03-24 02:12:20,4.423,-7.3528,78.22,89,100,7.63
543,Saint George,US,2021-03-24 02:10:39,37.1041,-113.5841,54.0,28,1,36.82
544,Peleduy,RU,2021-03-24 02:12:12,59.6289,112.7406,21.76,88,100,3.0
545,Waipawa,NZ,2021-03-24 02:12:20,-41.4122,175.5153,66.0,82,90,12.66
546,Ossora,RU,2021-03-24 02:12:20,59.2353,163.0719,25.07,64,10,11.48
547,Saint-Paul,RE,2021-03-24 02:12:21,-21.0096,55.2707,75.2,83,0,8.05
548,Kahului,US,2021-03-24 02:10:25,20.8947,-156.47,80.6,61,40,9.22
549,Puerto Ayacucho,VE,2021-03-24 02:12:21,5.6639,-67.6236,78.93,75,98,3.56
550,Boyolangu,ID,2021-03-24 02:12:21,-8.1181,111.8935,78.94,79,100,0.94
551,Lanigan,CA,2021-03-24 02:12:21,51.8501,-105.0344,23.0,68,66,5.75
552,Kudahuvadhoo,MV,2021-03-24 02:12:22,2.6708,72.8944,82.33,68,81,4.65
553,Oistins,BB,2021-03-24 02:12:22,13.0667,-59.5333,78.8,57,20,14.97
554,San Quintin,MX,2021-03-24 02:12:22,30.4833,-115.95,55.18,77,33,16.44
555,Riyadh,SA,2021-03-24 02:12:23,24.6877,46.7219,78.8,13,0,9.22
556,Bobrovka,RU,2021-03-24 02:12:23,54.047,61.7455,26.33,95,100,12.44
557,Victor Harbor,AU,2021-03-24 02:12:23,-35.5667,138.6167,72.0,66,50,14.72
558,Hokitika,NZ,2021-03-24 02:12:23,-42.7167,170.9667,63.23,72,11,10.29
559,Semporna,MY,2021-03-24 02:12:24,4.4818,118.6112,78.8,89,20,2.48
560,Rabo De Peixe,PT,2021-03-24 02:12:24,37.8,-25.5833,55.4,82,20,16.11
561,Bilibino,RU,2021-03-24 02:12:24,68.0546,166.4372,8.26,87,100,3.49
562,Oksfjord,NO,2021-03-24 02:12:24,70.2396,22.3479,35.6,69,20,4.61
563,Carhuamayo,PE,2021-03-24 02:12:24,-10.9167,-76.0333,36.05,95,100,3.53
564,Kosino,RU,2021-03-24 02:12:25,58.4127,51.2782,14.9,99,100,5.75
565,Markova,UA,2021-03-24 02:12:25,48.6758,24.4138,20.53,96,84,3.8
