City_ID,City,Lat,Lng,Humidity,Cloudiness,Wind Speed,Country,Date,Max Temp,Current Description
0,Gat,31.61,34.7642,24,7,4.45,IL,2021-03-27 18:21:15,57.99,clear sky
1,Barrow,71.2906,-156.7887,91,1,3.44,US,2021-03-27 18:20:47,-16.6,clear sky
2,Jaguarari,-10.2639,-40.1958,29,5,9.15,BR,2021-03-27 18:23:48,89.13,clear sky
3,Hilo,19.7297,-155.09,60,40,5.75,US,2021-03-27 18:20:54,73.4,light rain
4,Ushuaia,-54.8,-68.3,67,75,20.71,AR,2021-03-27 18:20:44,57.2,light intensity drizzle
5,Flin Flon,54.7682,-101.865,42,40,11.5,CA,2021-03-27 18:22:54,24.8,scattered clouds
6,Thompson,55.7435,-97.8558,58,75,13.8,CA,2021-03-27 18:17:54,21.2,broken clouds
7,Arraial Do Cabo,-22.9661,-42.0278,70,0,16.11,BR,2021-03-27 18:14:37,95.0,clear sky
8,Punta Arenas,-53.15,-70.9167,48,40,20.71,CL,2021-03-27 18:18:03,66.2,scattered clouds
9,Blagoyevo,63.3667,47.9167,97,14,2.42,RU,2021-03-27 18:23:49,15.84,few clouds
10,Chuy,-33.6971,-53.4616,80,91,2.17,UY,2021-03-27 18:22:00,75.15,overcast clouds
11,Bredasdorp,-34.5322,20.0403,59,91,2.3,ZA,2021-03-27 18:17:05,62.6,overcast clouds
12,Mataura,-46.1927,168.8643,93,60,1.97,NZ,2021-03-27 18:16:51,55.99,broken clouds
13,Salcininkai,54.3,25.3833,53,0,10.36,LT,2021-03-27 18:23:49,50.0,clear sky
14,Torbay,47.6666,-52.7314,100,90,27.63,CA,2021-03-27 18:21:34,30.0,heavy snow
15,Dustlik,40.5247,68.0358,91,95,7.43,UZ,2021-03-27 18:23:49,55.74,light rain
16,Matiguas,12.8373,-85.4622,57,40,6.91,NI,2021-03-27 18:23:50,77.0,scattered clouds
17,Rikitea,-23.1203,-134.9692,72,19,20.09,PF,2021-03-27 18:15:45,79.12,light rain
18,Rosario,-32.9468,-60.6393,60,75,9.22,AR,2021-03-27 18:23:50,73.4,broken clouds
19,Margate,51.3813,1.3862,59,92,4.0,GB,2021-03-27 18:21:46,48.99,overcast clouds
20,Kiama,-34.6833,150.8667,87,32,1.99,AU,2021-03-27 18:23:50,63.0,scattered clouds
21,Tasiilaq,65.6145,-37.6368,57,90,26.46,GL,2021-03-27 18:17:12,15.8,light snow
22,Samarai,-10.6167,150.6667,78,99,14.27,PG,2021-03-27 18:17:07,83.08,overcast clouds
23,Kattivakkam,13.2167,80.3167,74,75,4.61,IN,2021-03-27 18:23:51,82.4,broken clouds
24,Jalu,29.0331,21.5482,31,0,9.35,LY,2021-03-27 18:16:55,60.31,clear sky
25,Puerto Ayora,-0.7393,-90.3518,74,20,11.5,EC,2021-03-27 18:16:52,82.4,few clouds
26,Albany,42.6001,-73.9662,44,29,1.99,US,2021-03-27 18:16:31,57.99,scattered clouds
27,Asau,46.4333,26.4,44,8,4.97,RO,2021-03-27 18:23:51,44.01,clear sky
28,Agadez,19.75,10.25,14,0,9.66,NE,2021-03-27 18:23:51,72.21,clear sky
29,Leningradskiy,69.3833,178.4167,91,20,7.02,RU,2021-03-27 18:17:28,-18.6,few clouds
30,Arman,59.7,150.1667,99,90,5.03,RU,2021-03-27 18:19:46,-5.3,overcast clouds
31,Necochea,-38.5473,-58.7368,67,79,7.0,AR,2021-03-27 18:21:36,66.99,broken clouds
32,Praia Da Vitoria,38.7333,-27.0667,82,75,3.13,PT,2021-03-27 18:18:23,60.8,broken clouds
33,Mahebourg,-20.4081,57.7,94,75,6.91,MU,2021-03-27 18:16:20,75.2,broken clouds
34,Lompoc,34.6391,-120.4579,39,20,3.71,US,2021-03-27 18:17:47,69.01,few clouds
35,Kuusamo,65.9667,29.1833,81,40,10.36,FI,2021-03-27 18:23:52,37.4,scattered clouds
36,Garoua Boulai,5.8833,14.55,48,28,5.73,CM,2021-03-27 18:23:52,76.71,scattered clouds
37,Nogales,31.3086,-110.9422,36,1,5.75,MX,2021-03-27 18:23:52,60.01,clear sky
38,Tres Arroyos,-38.3739,-60.2798,43,93,16.49,AR,2021-03-27 18:21:54,69.8,overcast clouds
39,Hambantota,6.1241,81.1185,100,75,2.3,LK,2021-03-27 18:23:51,77.0,broken clouds
40,Loknya,56.83,30.1467,87,44,5.66,RU,2021-03-27 18:23:52,37.94,scattered clouds
41,Kulu,39.0951,33.0799,62,68,5.23,TR,2021-03-27 18:23:53,38.01,broken clouds
42,Qaanaaq,77.484,-69.3632,75,100,3.85,GL,2021-03-27 18:16:22,-6.84,overcast clouds
43,Pacific Grove,36.6177,-121.9166,32,1,4.61,US,2021-03-27 18:23:25,70.0,clear sky
44,Sao Filipe,14.8961,-24.4956,70,2,20.76,CV,2021-03-27 18:20:47,71.44,clear sky
45,Ribeira Grande,38.5167,-28.7,82,40,12.66,PT,2021-03-27 18:21:12,64.4,scattered clouds
46,Port Elizabeth,-33.918,25.5701,77,0,11.5,ZA,2021-03-27 18:20:50,62.6,clear sky
47,Husavik,66.0449,-17.3389,45,0,9.22,IS,2021-03-27 18:22:03,19.4,clear sky
48,Luderitz,-26.6481,15.1594,71,0,19.91,NA,2021-03-27 18:21:27,66.96,clear sky
49,Port-Gentil,-0.7193,8.7815,78,20,5.75,GA,2021-03-27 18:19:13,82.4,few clouds
50,Airai,-8.9266,125.4092,93,100,2.28,TL,2021-03-27 18:16:31,59.88,overcast clouds
51,Cape Town,-33.9258,18.4232,67,0,14.97,ZA,2021-03-27 18:18:12,64.99,clear sky
52,New Norfolk,-42.7826,147.0587,81,62,3.98,AU,2021-03-27 18:16:00,52.0,broken clouds
53,Saint-Pierre,-21.3393,55.4781,94,0,3.44,RE,2021-03-27 18:15:51,77.0,light rain
54,Maumere,-8.6199,122.2111,82,78,5.14,ID,2021-03-27 18:23:54,79.99,broken clouds
55,Busselton,-33.65,115.3333,92,51,8.75,AU,2021-03-27 18:20:45,55.99,broken clouds
56,Kulhudhuffushi,6.6221,73.07,76,100,10.74,MV,2021-03-27 18:23:54,83.03,overcast clouds
57,Hasaki,35.7333,140.8333,72,75,10.36,JP,2021-03-27 18:22:11,57.2,broken clouds
58,Ternuvate,47.8305,36.1276,75,0,4.47,UA,2021-03-27 18:23:54,41.0,clear sky
59,Sisimiut,66.9395,-53.6735,80,82,7.4,GL,2021-03-27 18:22:26,-5.98,broken clouds
60,Avarua,-21.2078,-159.775,83,90,11.5,CK,2021-03-27 18:20:47,80.6,overcast clouds
61,Cobija,-11.0267,-68.7692,62,75,6.91,BO,2021-03-27 18:23:55,89.6,broken clouds
62,Antofagasta,-23.65,-70.4,63,20,12.66,CL,2021-03-27 18:17:54,72.0,few clouds
63,Dunedin,-45.8742,170.5036,68,89,1.99,NZ,2021-03-27 18:21:46,61.0,overcast clouds
64,Georgetown,5.4112,100.3354,89,20,5.66,MY,2021-03-27 18:22:03,82.4,few clouds
65,Vanimo,-2.6741,141.3028,89,95,3.09,PG,2021-03-27 18:21:00,77.34,light rain
66,Kumluca,36.3703,30.2869,61,27,4.74,TR,2021-03-27 18:23:55,53.19,scattered clouds
67,Podor,16.6527,-14.9587,10,0,2.3,MR,2021-03-27 18:23:55,102.2,clear sky
68,Vila Velha,-20.3297,-40.2925,70,20,13.8,BR,2021-03-27 18:23:55,84.2,few clouds
69,Ponta Do Sol,32.6667,-17.1,62,100,5.01,PT,2021-03-27 18:20:47,59.0,overcast clouds
70,Klaksvik,62.2266,-6.589,81,75,23.02,FO,2021-03-27 18:20:50,39.2,drizzle
71,Cherskiy,68.75,161.3,99,31,5.12,RU,2021-03-27 18:16:21,-22.23,scattered clouds
72,Tambun,-6.2641,107.0712,89,40,2.3,ID,2021-03-27 18:23:56,80.01,mist
73,Cabo San Lucas,22.8909,-109.9124,60,1,4.92,MX,2021-03-27 18:17:06,78.01,clear sky
74,Kaitangata,-46.2817,169.8464,78,38,5.12,NZ,2021-03-27 18:17:16,53.64,scattered clouds
75,Kapaa,22.0752,-159.319,83,40,13.8,US,2021-03-27 18:16:55,73.4,scattered clouds
76,Provideniya,64.3833,-173.3,100,100,4.34,RU,2021-03-27 18:21:16,-4.49,overcast clouds
77,Tuatapere,-46.1333,167.6833,93,98,1.3,NZ,2021-03-27 18:21:36,55.99,light rain
78,Mirnyy,62.5353,113.9611,94,99,7.36,RU,2021-03-27 18:23:56,19.8,overcast clouds
79,Christchurch,-43.5333,172.6333,72,99,10.36,NZ,2021-03-27 18:22:20,66.99,overcast clouds
80,Upernavik,72.7868,-56.1549,76,3,4.45,GL,2021-03-27 18:20:57,-22.04,clear sky
81,Kodiak,57.79,-152.4072,43,1,18.41,US,2021-03-27 18:16:27,32.0,clear sky
82,Pyapon,16.2833,95.6833,52,28,7.85,MM,2021-03-27 18:23:57,80.58,scattered clouds
83,Tucurui,-3.7661,-49.6725,64,96,2.33,BR,2021-03-27 18:23:57,84.61,overcast clouds
84,Pevek,69.7008,170.3133,97,96,4.12,RU,2021-03-27 18:21:17,-21.46,overcast clouds
85,Saint George,37.1041,-113.5841,28,1,4.61,US,2021-03-27 18:20:23,59.0,clear sky
86,Hithadhoo,-0.6,73.0833,70,96,13.44,MV,2021-03-27 18:17:11,84.25,overcast clouds
87,Bodaybo,57.8506,114.1933,97,87,0.31,RU,2021-03-27 18:23:57,9.18,overcast clouds
88,Palmer,42.1584,-72.3287,36,20,16.11,US,2021-03-27 18:21:05,63.0,few clouds
89,Codrington,-38.2667,141.9667,85,88,7.45,AU,2021-03-27 18:18:43,53.15,overcast clouds
90,Isabela,6.7085,121.9711,89,90,3.44,PH,2021-03-27 18:23:58,78.8,moderate rain
91,Atuona,-9.8,-139.0333,79,79,20.15,PF,2021-03-27 18:20:43,80.33,light rain
92,Wausau,44.9591,-89.6301,87,90,10.36,US,2021-03-27 18:20:25,39.2,overcast clouds
93,Lahat,-3.8,103.5333,99,100,3.0,ID,2021-03-27 18:23:58,73.47,moderate rain
94,Tiksi,71.6872,128.8694,98,100,0.45,RU,2021-03-27 18:21:03,7.02,overcast clouds
95,Hobart,-42.8794,147.3294,82,51,8.05,AU,2021-03-27 18:18:48,52.0,broken clouds
96,Thinadhoo,0.5333,72.9333,72,100,10.45,MV,2021-03-27 18:20:51,83.61,overcast clouds
97,Charleston,32.7766,-79.9309,69,1,10.36,US,2021-03-27 18:15:04,87.8,haze
98,San Quintin,30.4833,-115.95,45,0,5.48,MX,2021-03-27 18:20:56,64.09,clear sky
99,Sambava,-14.2667,50.1667,88,78,8.05,MG,2021-03-27 18:22:15,78.49,moderate rain
100,Kudahuvadhoo,2.6708,72.8944,75,100,4.41,MV,2021-03-27 18:22:40,80.76,overcast clouds
101,Mecca,21.4267,39.8261,49,1,9.1,SA,2021-03-27 18:21:58,74.16,clear sky
102,Talnakh,69.4865,88.3972,96,100,1.21,RU,2021-03-27 18:22:10,13.03,overcast clouds
103,Corod,45.9,27.6167,50,3,6.13,RO,2021-03-27 18:23:59,50.29,clear sky
104,Namatanai,-3.6667,152.4333,80,100,9.08,PG,2021-03-27 18:21:55,78.93,light rain
105,Dubbo,-32.25,148.6167,93,84,3.44,AU,2021-03-27 18:23:59,51.8,broken clouds
106,Placido De Castro,-10.3353,-67.1856,61,47,2.26,BR,2021-03-27 18:22:49,88.2,scattered clouds
107,Victoria,22.2855,114.1577,88,13,2.68,HK,2021-03-27 18:17:59,73.99,few clouds
108,Bluff,-46.6,168.3333,93,84,3.11,NZ,2021-03-27 18:20:46,55.99,broken clouds
109,Jamestown,42.097,-79.2353,54,1,7.11,US,2021-03-27 18:20:33,61.0,clear sky
110,Ketchikan,55.3422,-131.6461,93,90,11.5,US,2021-03-27 18:18:28,42.8,moderate rain
111,Samut Sakhon,13.5833,100.3,70,48,16.84,TH,2021-03-27 18:23:59,84.99,scattered clouds
112,Santiago Del Estero,-27.7951,-64.2615,26,39,15.21,AR,2021-03-27 18:16:30,77.86,scattered clouds
113,Sitka,57.0531,-135.33,93,90,10.36,US,2021-03-27 18:16:03,33.8,light rain
114,Bethel,41.3712,-73.414,39,90,6.91,US,2021-03-27 18:21:06,64.0,overcast clouds
115,Bengkulu,-3.8004,102.2655,91,100,6.82,ID,2021-03-27 18:21:24,76.28,overcast clouds
116,Vaini,-21.2,-175.2,94,20,8.05,TO,2021-03-27 18:15:59,78.8,few clouds
117,Okhotsk,59.3833,143.3,98,99,4.94,RU,2021-03-27 18:24:00,-4.16,overcast clouds
118,Los Llanos De Aridane,28.6585,-17.9182,56,75,6.91,ES,2021-03-27 18:24:00,69.8,broken clouds
119,Lazaro Cardenas,17.9583,-102.2,44,1,10.07,MX,2021-03-27 18:24:00,82.76,clear sky
120,Norman Wells,65.282,-126.8329,78,90,10.36,CA,2021-03-27 18:21:19,6.8,light snow
121,Clyde River,70.4692,-68.5914,71,75,1.16,CA,2021-03-27 18:21:13,-0.4,broken clouds
122,Novoselitskoye,44.7508,43.4369,70,100,13.42,RU,2021-03-27 18:24:01,42.01,overcast clouds
123,Naze,28.3667,129.4833,87,99,19.64,JP,2021-03-27 18:20:43,66.54,overcast clouds
124,Dikson,73.5069,80.5464,100,75,8.01,RU,2021-03-27 18:20:45,-19.07,broken clouds
125,Xining,36.6167,101.7667,30,68,1.07,CN,2021-03-27 18:17:08,43.03,broken clouds
126,Lorengau,-2.0226,147.2712,78,98,7.78,PG,2021-03-27 18:20:48,81.01,overcast clouds
127,Ancud,-41.8697,-73.8203,63,0,5.75,CL,2021-03-27 18:21:02,64.4,clear sky
128,Maunabo,18.0072,-65.8993,77,9,8.99,PR,2021-03-27 18:24:01,82.99,clear sky
129,Doboj,44.7347,18.0878,39,40,4.61,BA,2021-03-27 18:23:57,60.8,scattered clouds
130,Saint-Philippe,-21.3585,55.7679,94,0,3.44,RE,2021-03-27 18:17:20,77.0,moderate rain
131,Broken Hill,-31.95,141.4333,62,50,6.91,AU,2021-03-27 18:24:01,57.2,scattered clouds
132,Bastia,42.6667,9.3333,82,90,3.44,FR,2021-03-27 18:24:02,57.2,overcast clouds
133,Kisanga,-7.4362,37.7034,80,73,3.38,TZ,2021-03-27 18:24:02,72.45,broken clouds
134,Port Alfred,-33.5906,26.891,72,19,19.39,ZA,2021-03-27 18:20:44,67.24,light rain
135,Nikolskoye,59.7035,30.7861,65,0,4.47,RU,2021-03-27 18:20:44,42.8,clear sky
136,Lebu,-37.6167,-73.65,69,65,19.19,CL,2021-03-27 18:21:09,60.46,broken clouds
137,Saint-Joseph,-21.3667,55.6167,94,0,3.44,RE,2021-03-27 18:24:02,77.0,moderate rain
138,Juterbog,51.9833,13.0833,69,96,8.01,DE,2021-03-27 18:24:03,41.0,overcast clouds
139,Cidreira,-30.1811,-50.2056,76,98,6.46,BR,2021-03-27 18:20:56,77.65,light rain
140,Hami,42.8,93.45,42,100,6.29,CN,2021-03-27 18:19:25,55.67,light rain
141,Tuktoyaktuk,69.4541,-133.0374,76,90,3.44,CA,2021-03-27 18:20:53,-22.0,overcast clouds
142,Jiuquan,39.7432,98.5174,43,99,5.7,CN,2021-03-27 18:21:21,49.08,overcast clouds
143,Kilimatinde,-5.85,34.95,92,100,1.88,TZ,2021-03-27 18:24:03,63.88,overcast clouds
144,Sinnamary,5.3833,-52.95,79,66,10.38,GF,2021-03-27 18:17:46,80.8,broken clouds
145,Astana,51.1801,71.446,93,90,11.18,KZ,2021-03-27 18:24:03,32.0,rain and snow
146,Kahului,20.8947,-156.47,83,20,8.05,US,2021-03-27 18:16:34,75.2,few clouds
147,Jasper,37.2001,-94.3502,53,1,16.11,US,2021-03-27 18:24:04,73.0,clear sky
148,Kefamenanu,-9.4467,124.4781,94,99,3.09,ID,2021-03-27 18:22:09,71.19,overcast clouds
149,Hermanus,-34.4187,19.2345,73,58,12.24,ZA,2021-03-27 18:20:59,62.01,broken clouds
150,Mezen,65.8522,44.24,92,15,7.23,RU,2021-03-27 18:24:04,26.26,few clouds
151,Butaritari,3.0707,172.7902,78,96,13.78,KI,2021-03-27 18:20:57,81.16,overcast clouds
152,Atemar,54.181,45.4091,93,100,5.53,RU,2021-03-27 18:24:04,30.49,overcast clouds
153,Esso,55.9333,158.7,93,100,5.35,RU,2021-03-27 18:22:30,12.27,overcast clouds
154,Vardo,70.3705,31.1107,94,99,24.14,NO,2021-03-27 18:21:37,37.09,overcast clouds
155,Kruisfontein,-34.0033,24.7314,70,16,3.0,ZA,2021-03-27 18:21:04,64.0,few clouds
156,Burnie,-41.0667,145.9167,83,40,11.43,AU,2021-03-27 18:24:05,54.57,scattered clouds
157,Turukhansk,65.8167,87.9833,99,100,4.23,RU,2021-03-27 18:24:05,2.08,overcast clouds
158,Shingu,33.7333,135.9833,78,100,4.52,JP,2021-03-27 18:20:59,56.89,overcast clouds
159,Khatanga,71.9667,102.5,94,100,7.38,RU,2021-03-27 18:20:49,3.02,overcast clouds
160,Kavieng,-2.5744,150.7967,79,95,14.34,PG,2021-03-27 18:18:12,81.07,moderate rain
161,Ilulissat,69.2167,-51.1,45,40,6.91,GL,2021-03-27 18:18:47,-9.4,scattered clouds
162,Pitimbu,-7.4706,-34.8086,70,20,10.36,BR,2021-03-27 18:22:55,86.0,few clouds
163,Tura,25.5198,90.2201,13,0,3.83,IN,2021-03-27 18:21:07,72.86,clear sky
164,Pisco,-13.7,-76.2167,73,0,10.36,PE,2021-03-27 18:16:43,72.0,clear sky
165,Dhidhdhoo,6.8833,73.1,76,100,11.21,MV,2021-03-27 18:18:10,83.39,overcast clouds
166,Broome,42.2506,-75.833,62,90,4.25,US,2021-03-27 18:18:09,57.0,overcast clouds
167,Abbotsford,49.058,-122.2526,71,90,11.5,CA,2021-03-27 18:23:58,51.01,overcast clouds
168,Coihaique,-45.5752,-72.0662,52,75,4.61,CL,2021-03-27 18:21:12,64.4,broken clouds
169,Severo-Kurilsk,50.6789,156.125,86,100,35.79,RU,2021-03-27 18:22:04,25.79,light snow
170,Touros,-5.1989,-35.4608,78,75,10.36,BR,2021-03-27 18:22:19,82.4,broken clouds
171,Tucumcari,35.1717,-103.725,41,1,12.66,US,2021-03-27 18:18:36,57.2,clear sky
172,Mar Del Plata,-38.0023,-57.5575,77,75,25.32,AR,2021-03-27 18:17:04,66.0,broken clouds
173,Kihei,20.785,-156.4656,83,20,8.05,US,2021-03-27 18:24:06,75.2,few clouds
174,Yellowknife,62.456,-114.3525,62,75,10.36,CA,2021-03-27 18:20:57,21.0,broken clouds
175,Maceio,-9.6658,-35.7353,94,75,3.44,BR,2021-03-27 18:18:07,75.2,mist
176,Nyrob,60.733,56.7202,96,21,5.28,RU,2021-03-27 18:24:06,16.32,few clouds
177,Bollnas,61.3482,16.3946,77,100,1.01,SE,2021-03-27 18:21:33,45.0,overcast clouds
178,Muroto,33.2833,134.15,68,100,16.98,JP,2021-03-27 18:24:06,64.62,overcast clouds
179,Basco,20.4487,121.9702,86,14,15.5,PH,2021-03-27 18:24:07,78.96,few clouds
180,Srednekolymsk,67.45,153.6833,98,83,1.81,RU,2021-03-27 18:24:07,-21.82,broken clouds
181,Show Low,34.2542,-110.0298,65,40,13.8,US,2021-03-27 18:24:07,42.8,scattered clouds
182,Tuni,17.35,82.55,77,13,2.3,IN,2021-03-27 18:19:32,77.31,few clouds
183,Mezhdurechensk,53.6942,88.0603,97,100,2.26,RU,2021-03-27 18:20:13,26.83,overcast clouds
184,San Cristobal,7.7669,-72.225,94,75,6.91,VE,2021-03-27 18:18:11,77.0,fog
185,Price,39.5994,-110.8107,42,1,9.22,US,2021-03-27 18:24:08,46.4,clear sky
186,Portland,45.5234,-122.6762,58,75,3.44,US,2021-03-27 18:20:16,53.01,broken clouds
187,Gazalkent,41.5581,69.7708,94,90,6.91,UZ,2021-03-27 18:24:08,55.4,light rain
188,Ahipara,-35.1667,173.1667,88,100,12.03,NZ,2021-03-27 18:16:44,65.8,overcast clouds
189,Xai-Xai,-25.0519,33.6442,77,0,10.71,MZ,2021-03-27 18:19:19,75.4,clear sky
190,Puerto Escondido,15.85,-97.0667,84,1,12.66,MX,2021-03-27 18:18:30,86.0,clear sky
191,Saldanha,-33.0117,17.9442,63,0,14.97,ZA,2021-03-27 18:20:46,60.8,clear sky
192,Tandil,-37.3217,-59.1332,82,100,7.0,AR,2021-03-27 18:24:08,62.01,light rain
193,Ostrovnoy,68.0531,39.5131,82,76,25.01,RU,2021-03-27 18:19:20,33.08,broken clouds
194,East London,-33.0153,27.9116,68,0,13.8,ZA,2021-03-27 18:21:07,66.2,light rain
195,Jimo,36.3897,120.4622,87,4,2.24,CN,2021-03-27 18:24:09,52.0,clear sky
196,Geraldton,-28.7667,114.6,72,3,9.22,AU,2021-03-27 18:22:27,64.4,clear sky
197,Golden,39.7555,-105.2211,45,40,10.36,US,2021-03-27 18:24:09,48.0,scattered clouds
198,Cochrane,51.1834,-114.4687,37,1,17.27,CA,2021-03-27 18:13:39,48.2,clear sky
199,Mayo,38.8876,-76.5119,63,1,11.5,US,2021-03-27 18:18:46,68.0,clear sky
200,Beringovskiy,63.05,179.3167,99,51,6.02,RU,2021-03-27 18:19:14,-13.13,broken clouds
201,Boguchany,58.3814,97.4531,98,100,3.56,RU,2021-03-27 18:24:09,21.33,overcast clouds
202,Sierra Vista,31.5545,-110.3037,40,40,6.91,US,2021-03-27 18:24:10,55.99,scattered clouds
203,Richards Bay,-28.783,32.0377,86,37,17.63,ZA,2021-03-27 18:24:10,71.51,light rain
204,Sorong,-0.8833,131.25,94,100,2.93,ID,2021-03-27 18:17:23,76.12,overcast clouds
205,Pontian Kecil,1.4801,103.3899,94,20,3.76,MY,2021-03-27 18:24:10,73.99,few clouds
206,Taltal,-25.4,-70.4833,67,10,5.26,CL,2021-03-27 18:18:43,68.7,clear sky
207,Kyabe,9.4515,18.9449,27,44,3.98,TD,2021-03-27 18:24:10,93.13,scattered clouds
208,Atasu,48.6814,71.6433,97,100,4.23,KZ,2021-03-27 18:24:11,32.34,overcast clouds
209,Tiarei,-17.5333,-149.3333,83,75,3.44,PF,2021-03-27 18:19:16,78.8,light rain
210,Yumen,40.2833,97.2,42,100,6.58,CN,2021-03-27 18:22:56,47.26,overcast clouds
211,Kulevcha,46.0303,29.9361,71,100,7.4,UA,2021-03-27 18:24:11,45.3,overcast clouds
212,Wau,7.7029,27.9953,40,56,3.94,SS,2021-03-27 18:24:11,85.12,broken clouds
213,Fairbanks,64.8378,-147.7164,85,75,1.01,US,2021-03-27 18:16:47,17.6,broken clouds
214,Marawi,7.9986,124.2928,92,95,7.0,PH,2021-03-27 18:19:21,75.0,overcast clouds
215,Castro,-24.7911,-50.0119,51,94,4.63,BR,2021-03-27 18:21:03,81.75,overcast clouds
216,Padang,-0.9492,100.3543,94,75,3.44,ID,2021-03-27 18:17:55,78.8,broken clouds
217,Poum,-20.2333,164.0167,76,55,10.78,NC,2021-03-27 18:19:31,80.02,broken clouds
218,Cabedelo,-6.9811,-34.8339,70,20,10.36,BR,2021-03-27 18:24:12,86.0,few clouds
219,Okitipupa,6.5047,4.7839,81,61,6.38,NG,2021-03-27 18:24:12,79.52,broken clouds
220,Saskylakh,71.9167,114.0833,100,100,1.39,RU,2021-03-27 18:16:28,-13.07,overcast clouds
221,Caravelas,-17.7125,-39.2481,53,0,9.08,BR,2021-03-27 18:19:22,84.69,clear sky
222,Iqaluit,63.7506,-68.5145,70,40,3.44,CA,2021-03-27 18:18:57,-9.4,scattered clouds
223,Antsohihy,-14.8796,47.9875,94,97,3.18,MG,2021-03-27 18:24:12,74.88,light rain
224,Puerto Maldonado,-12.6,-69.1833,94,75,3.44,PE,2021-03-27 18:24:12,77.0,heavy intensity rain
225,Bida,9.0833,6.0167,14,28,0.18,NG,2021-03-27 18:24:13,92.91,scattered clouds
226,Bubaque,11.2833,-15.8333,74,37,17.76,GW,2021-03-27 18:18:04,77.13,scattered clouds
227,Port Augusta,-32.5,137.7667,88,90,2.3,AU,2021-03-27 18:17:28,57.2,overcast clouds
228,Ayagoz,47.9714,80.4392,96,100,7.07,KZ,2021-03-27 18:24:13,37.4,overcast clouds
229,Parsabad,39.6482,47.9174,93,90,6.91,IR,2021-03-27 18:24:13,41.0,overcast clouds
230,Chokwe,-24.5333,32.9833,79,0,7.56,MZ,2021-03-27 18:23:08,73.54,clear sky
231,Saint-Augustin,51.226,-58.6502,67,68,15.88,CA,2021-03-27 18:24:14,24.6,broken clouds
232,Vila Franca Do Campo,37.7167,-25.4333,59,20,11.5,PT,2021-03-27 18:21:20,60.8,few clouds
233,Kerema,-7.9631,145.7785,88,62,3.49,PG,2021-03-27 18:24:14,78.31,broken clouds
234,Dingle,10.9995,122.6711,86,35,6.76,PH,2021-03-27 18:19:28,76.01,scattered clouds
235,Yatou,37.15,122.3833,91,97,11.81,CN,2021-03-27 18:19:56,43.09,overcast clouds
236,Big Bend,-26.8167,31.9333,93,7,6.15,SZ,2021-03-27 18:24:14,70.27,light rain
237,Suhbaatar,50.2314,106.2078,87,10,1.97,MN,2021-03-27 18:24:14,19.09,clear sky
238,High Level,58.5169,-117.136,50,75,10.36,CA,2021-03-27 18:24:15,24.8,broken clouds
239,Boa Vista,2.8197,-60.6733,70,75,11.5,BR,2021-03-27 18:24:15,84.2,broken clouds
240,Rossland,49.0831,-117.8022,68,45,11.01,CA,2021-03-27 18:24:15,39.0,scattered clouds
241,Iracoubo,5.4802,-53.2011,81,72,9.84,GF,2021-03-27 18:19:38,80.4,broken clouds
242,Lucapa,-8.4192,20.7447,90,41,2.84,AO,2021-03-27 18:22:11,67.71,scattered clouds
243,Uglegorsk,49.0833,142.0333,89,100,7.43,RU,2021-03-27 18:24:16,29.55,overcast clouds
244,Belaya Gora,68.5333,146.4167,96,99,3.83,RU,2021-03-27 18:19:25,-5.04,overcast clouds
245,Darhan,49.4867,105.9228,85,4,4.41,MN,2021-03-27 18:24:16,15.51,clear sky
246,Nanortalik,60.1432,-45.2371,69,17,21.23,GL,2021-03-27 18:20:55,10.42,few clouds
247,College,64.8569,-147.8028,79,90,1.25,US,2021-03-27 18:17:22,17.6,overcast clouds
248,Zyryanka,65.75,150.85,99,95,5.17,RU,2021-03-27 18:24:08,-20.2,overcast clouds
249,Loanda,-8.8368,13.2343,78,40,6.91,AO,2021-03-27 18:23:38,80.6,scattered clouds
250,Kardla,58.9978,22.7492,76,53,8.01,EE,2021-03-27 18:24:17,46.99,broken clouds
251,Victor Harbor,-35.5667,138.6167,95,23,4.9,AU,2021-03-27 18:24:17,57.0,few clouds
252,Talaya,61.3833,152.75,96,70,2.37,RU,2021-03-27 18:24:17,-21.26,broken clouds
253,Katsuura,35.1333,140.3,73,100,3.0,JP,2021-03-27 18:24:17,61.0,overcast clouds
254,Sohag,26.557,31.6948,18,0,13.8,EG,2021-03-27 18:24:18,68.0,clear sky
255,Salalah,17.0151,54.0924,74,0,4.61,OM,2021-03-27 18:17:53,80.6,clear sky
256,Ustye,59.6304,39.736,96,100,1.12,RU,2021-03-27 18:24:18,31.87,overcast clouds
257,Hanstholm,57.1167,8.6167,3,7,1.01,DK,2021-03-27 18:24:19,42.01,clear sky
258,Eydhafushi,5.1033,73.0708,77,100,11.52,MV,2021-03-27 18:24:19,81.23,light rain
259,Tadine,-21.55,167.8833,86,1,8.63,NC,2021-03-27 18:24:19,75.99,clear sky
260,Kyra,49.5776,111.9753,65,100,19.98,RU,2021-03-27 18:19:20,27.27,overcast clouds
261,Lianzhou,24.7811,112.3825,90,38,0.54,CN,2021-03-27 18:19:19,70.47,scattered clouds
262,Sines,37.9562,-8.8698,71,59,1.99,PT,2021-03-27 18:24:19,63.0,broken clouds
263,Alofi,-19.0595,-169.9187,94,15,3.44,NU,2021-03-27 18:20:23,77.0,few clouds
264,Booue,-0.0921,11.9385,82,99,1.61,GA,2021-03-27 18:24:20,77.34,overcast clouds
265,Songkhla,6.8333,100.6667,100,20,3.44,TH,2021-03-27 18:24:20,78.8,few clouds
266,Mount Gambier,-37.8333,140.7667,93,40,8.05,AU,2021-03-27 18:19:23,51.8,scattered clouds
267,Sobolevo,54.4299,31.8996,95,76,4.47,RU,2021-03-27 18:19:03,33.17,broken clouds
268,Komatipoort,-25.4332,31.9548,80,1,1.01,ZA,2021-03-27 18:24:21,75.0,clear sky
269,Lata,40.1629,-8.3327,75,95,5.99,PT,2021-03-27 18:20:46,61.0,overcast clouds
270,Nelson Bay,-32.7167,152.15,88,16,4.61,AU,2021-03-27 18:24:21,61.0,few clouds
271,Kurchum,48.5722,83.6542,97,100,3.36,KZ,2021-03-27 18:19:28,33.15,overcast clouds
272,Ajnala,31.8425,74.7589,82,20,5.28,IN,2021-03-27 18:24:21,66.2,mist
273,Tessalit,20.1986,1.0114,5,0,11.97,ML,2021-03-27 18:24:21,81.28,clear sky
274,Upington,-28.4478,21.2561,45,0,5.75,ZA,2021-03-27 18:22:25,68.0,clear sky
275,Namibe,-15.1961,12.1522,80,97,6.02,AO,2021-03-27 18:21:42,74.48,light rain
276,Port Hardy,50.6996,-127.4199,87,90,8.05,CA,2021-03-27 18:24:22,46.4,light rain
277,Wasilla,61.5814,-149.4394,86,90,1.3,US,2021-03-27 18:24:22,25.0,overcast clouds
278,Bahia Blanca,-38.7196,-62.2724,41,68,14.63,AR,2021-03-27 18:24:22,69.08,broken clouds
279,Kiunga,-6.1219,141.2906,97,100,1.14,PG,2021-03-27 18:24:23,72.97,light rain
280,Manokwari,-0.8667,134.0833,83,100,4.32,ID,2021-03-27 18:23:47,77.47,moderate rain
281,Isla Vista,34.4133,-119.861,45,1,5.75,US,2021-03-27 18:24:23,70.0,clear sky
282,Mamboma,8.0833,-11.6833,48,56,7.47,SL,2021-03-27 18:24:23,90.3,broken clouds
283,Bemidji,47.4736,-94.8803,70,75,10.36,US,2021-03-27 18:24:23,39.99,broken clouds
284,Gostinu,44.0,26.1167,50,4,2.53,RO,2021-03-27 18:24:24,52.0,clear sky
285,Lavrentiya,65.5833,-171.0,89,12,4.52,RU,2021-03-27 18:21:50,-15.38,few clouds
286,Anchorage,61.2181,-149.9003,54,40,3.44,US,2021-03-27 18:24:24,24.8,scattered clouds
287,Baykit,61.67,96.37,98,100,2.62,RU,2021-03-27 18:22:17,22.66,overcast clouds
288,Shimoda,34.6667,138.95,56,100,10.18,JP,2021-03-27 18:24:24,61.0,overcast clouds
289,Buala,-8.145,159.5921,83,52,8.03,SB,2021-03-27 18:22:24,79.97,light rain
290,Plettenberg Bay,-34.0527,23.3716,73,80,6.13,ZA,2021-03-27 18:24:25,62.33,broken clouds
291,Bocas Del Toro,9.3333,-82.25,40,37,15.01,PA,2021-03-27 18:24:25,72.0,scattered clouds
292,Ziro,27.6333,93.8333,42,4,2.35,IN,2021-03-27 18:24:25,48.97,clear sky
293,Gatesville,31.4352,-97.7439,88,40,13.6,US,2021-03-27 18:24:26,73.0,haze
294,Norrkoping,58.5942,16.1826,81,40,8.05,SE,2021-03-27 18:24:26,46.4,mist
295,Biak,-0.9131,122.8766,85,100,5.86,ID,2021-03-27 18:21:59,76.5,light rain
296,Fairview,40.8126,-73.999,34,20,4.61,US,2021-03-27 18:24:08,68.0,few clouds
297,Carnarvon,-24.8667,113.6333,83,0,6.91,AU,2021-03-27 18:18:26,75.2,clear sky
298,Bodden Town,19.2833,-81.25,55,20,12.66,KY,2021-03-27 18:24:26,87.8,few clouds
299,Ixtapa,20.7,-105.2,64,1,8.05,MX,2021-03-27 18:17:06,73.4,clear sky
300,Nuuk,64.1835,-51.7216,78,20,32.21,GL,2021-03-27 18:20:29,0.0,snow
301,Greencastle,39.6445,-86.8647,46,1,13.8,US,2021-03-27 18:24:26,71.6,clear sky
302,Pontiac,42.6389,-83.2911,54,40,12.66,US,2021-03-27 18:24:27,55.0,scattered clouds
303,Le Vauclin,14.5452,-60.8388,61,75,23.02,MQ,2021-03-27 18:24:27,84.2,broken clouds
304,Rocha,-34.4833,-54.3333,74,59,2.15,UY,2021-03-27 18:18:53,76.48,broken clouds
305,Tilichiki,60.4667,166.1,94,100,11.61,RU,2021-03-27 18:22:57,-4.85,overcast clouds
306,Eureka,40.8021,-124.1637,67,1,3.91,US,2021-03-27 18:24:12,57.99,clear sky
307,Mossendjo,-2.9506,12.7261,80,95,2.19,CG,2021-03-27 18:24:27,73.58,overcast clouds
308,Vezirkopru,41.1436,35.4547,75,75,2.15,TR,2021-03-27 18:24:28,39.2,broken clouds
309,Nemuro,43.3236,145.575,80,96,15.77,JP,2021-03-27 18:24:28,34.81,overcast clouds
310,Matara,5.9485,80.5353,81,99,2.1,LK,2021-03-27 18:24:28,77.29,overcast clouds
311,Palmares Do Sul,-30.2578,-50.5097,71,100,8.1,BR,2021-03-27 18:24:28,78.26,light rain
312,Batagay-Alyta,67.8006,130.4114,93,100,4.43,RU,2021-03-27 18:23:01,-4.27,overcast clouds
313,Hammerfest,70.6634,23.6821,75,75,3.44,NO,2021-03-27 18:24:29,37.4,broken clouds
314,Sao Felix Do Xingu,-6.6447,-51.995,61,99,2.01,BR,2021-03-27 18:18:08,86.0,light rain
315,Saint-Francois,46.4154,3.9054,50,0,3.44,FR,2021-03-27 18:21:58,50.0,clear sky
316,Saint Anthony,45.0205,-93.218,87,90,5.75,US,2021-03-27 18:24:29,46.4,light rain
317,Orito,0.6766,-76.8771,89,90,2.3,CO,2021-03-27 18:24:29,78.8,overcast clouds
318,Gorin,51.1983,136.6669,98,96,2.08,RU,2021-03-27 18:24:29,23.29,overcast clouds
319,Vila,42.0304,-8.1588,48,1,5.99,PT,2021-03-27 18:22:39,63.0,clear sky
320,Port-Cartier,50.0334,-66.8654,36,96,6.91,CA,2021-03-27 18:18:23,30.0,overcast clouds
321,Opportunity,47.6499,-117.2399,61,75,11.5,US,2021-03-27 18:24:30,48.99,broken clouds
322,Ostersund,63.1792,14.6357,93,90,10.36,SE,2021-03-27 18:24:30,36.0,light rain
323,Sao Miguel Do Araguaia,-13.275,-50.1628,47,58,2.33,BR,2021-03-27 18:21:34,87.46,broken clouds
324,Chokurdakh,70.6333,147.9167,89,99,5.21,RU,2021-03-27 18:21:00,-5.35,overcast clouds
325,Rancho Palos Verdes,33.7445,-118.387,45,1,1.63,US,2021-03-27 18:24:31,66.2,clear sky
326,Miguelopolis,-20.1794,-48.0319,33,75,4.61,BR,2021-03-27 18:24:31,91.4,broken clouds
327,Kenora,49.8167,-94.4337,44,40,13.8,CA,2021-03-27 18:24:31,33.8,scattered clouds
328,Taraza,7.5836,-75.4007,59,99,4.61,CO,2021-03-27 18:24:32,87.89,overcast clouds
329,Glendive,47.1053,-104.7125,65,90,12.66,US,2021-03-27 18:24:32,39.2,overcast clouds
330,Guerrero Negro,27.9769,-114.0611,37,0,4.99,MX,2021-03-27 18:18:52,67.62,clear sky
331,Necocli,8.4234,-76.786,70,70,4.92,CO,2021-03-27 18:24:32,84.15,broken clouds
332,Patiya,22.2931,91.9762,60,79,4.03,BD,2021-03-27 18:24:33,73.36,broken clouds
333,Vostok,46.4856,135.8833,98,100,3.85,RU,2021-03-27 18:22:22,33.37,overcast clouds
334,Maniwaki,46.3834,-75.966,65,87,2.3,CA,2021-03-27 18:24:33,39.2,overcast clouds
335,Gorgan,36.8387,54.4348,93,90,13.8,IR,2021-03-27 18:24:33,51.8,mist
336,Wattegama,6.7989,81.4808,100,75,2.3,LK,2021-03-27 18:24:33,77.0,broken clouds
337,Half Moon Bay,37.4636,-122.4286,67,1,4.61,US,2021-03-27 18:15:52,68.0,haze
338,Kamen-Na-Obi,53.7884,81.3423,97,100,13.15,RU,2021-03-27 18:24:34,33.73,overcast clouds
339,San Jeronimo,-11.9472,-75.2829,57,68,4.59,PE,2021-03-27 18:24:34,60.3,broken clouds
340,Ugoofaaru,5.6667,73.0,71,100,12.88,MV,2021-03-27 18:18:28,83.26,overcast clouds
341,Floriano,-6.7669,-43.0225,61,64,2.75,BR,2021-03-27 18:24:34,85.96,broken clouds
342,Gravdal,68.1214,13.5031,85,100,21.52,NO,2021-03-27 18:24:34,39.56,overcast clouds
343,Ascension,30.2169,-90.9001,65,75,16.11,US,2021-03-27 18:24:35,84.99,broken clouds
344,Keuruu,62.2667,24.7,75,0,6.91,FI,2021-03-27 18:24:35,42.01,clear sky
345,Faanui,-16.4833,-151.75,73,52,21.34,PF,2021-03-27 18:16:05,82.56,light rain
346,Chicama,-7.8447,-79.1469,78,0,11.5,PE,2021-03-27 18:24:35,73.4,clear sky
347,Qandala,11.472,49.8728,74,27,2.98,SO,2021-03-27 18:24:36,79.72,scattered clouds
348,Getashen,40.044,43.942,87,20,5.75,AM,2021-03-27 18:24:36,37.4,few clouds
349,Hovd,48.0056,91.6419,29,81,1.81,MN,2021-03-27 18:21:31,27.63,broken clouds
350,Pangnirtung,66.1451,-65.7125,79,52,3.51,CA,2021-03-27 18:19:47,-5.96,broken clouds
351,Terre-De-Bas,15.8501,-61.6442,61,75,14.97,GP,2021-03-27 18:24:36,84.2,broken clouds
352,Hofn,64.2539,-15.2082,93,100,23.53,IS,2021-03-27 18:20:45,25.34,snow
353,Aragarcas,-15.8975,-52.2508,36,20,2.3,BR,2021-03-27 18:24:36,93.2,few clouds
354,Kangaatsiaq,68.3065,-53.4641,80,100,6.76,GL,2021-03-27 18:22:12,-11.27,overcast clouds
355,Aklavik,68.2191,-135.0107,77,75,8.05,CA,2021-03-27 18:18:38,-9.4,broken clouds
356,Atikokan,48.7555,-91.6216,95,100,3.65,CA,2021-03-27 18:24:37,33.19,snow
357,Abha,18.2164,42.5053,63,0,5.75,SA,2021-03-27 18:24:37,66.2,clear sky
358,Kelso,46.1468,-122.9084,76,90,0.94,US,2021-03-27 18:24:37,48.99,overcast clouds
359,Aleksandrov Gay,50.147,48.5704,97,100,9.01,RU,2021-03-27 18:21:13,35.8,overcast clouds
360,Longyearbyen,78.2186,15.6401,80,75,33.38,SJ,2021-03-27 18:15:08,23.0,light snow
361,Waingapu,-9.6567,120.2641,84,100,4.5,ID,2021-03-27 18:16:23,78.44,light rain
362,Quesnel,52.9999,-122.5029,81,90,10.36,CA,2021-03-27 18:24:38,41.0,light rain
363,Phan Thiet,10.9333,108.1,90,98,8.95,VN,2021-03-27 18:18:25,75.78,overcast clouds
364,Bichena,10.45,38.2,13,9,6.76,ET,2021-03-27 18:24:38,64.42,clear sky
365,North Bend,43.4065,-124.2243,87,1,6.73,US,2021-03-27 18:23:43,57.99,clear sky
366,Togur,58.3631,82.8265,97,100,5.08,RU,2021-03-27 18:21:16,29.05,overcast clouds
367,Bambous Virieux,-20.3428,57.7575,94,75,6.91,MU,2021-03-27 18:21:04,78.01,broken clouds
368,Auki,-8.7676,160.7034,87,94,4.36,SB,2021-03-27 18:24:38,77.83,overcast clouds
369,Chifeng,42.2683,118.9636,62,36,19.62,CN,2021-03-27 18:24:39,52.0,scattered clouds
370,Killybegs,54.6333,-8.45,93,90,13.8,IE,2021-03-27 18:19:26,46.99,light rain
371,Seddon,-37.8068,144.8916,76,88,8.05,AU,2021-03-27 18:24:39,57.99,overcast clouds
372,Santa Vitoria Do Palmar,-33.5189,-53.3681,77,86,2.8,BR,2021-03-27 18:21:53,76.42,overcast clouds
373,Naryan-Mar,67.6713,53.087,87,57,13.82,RU,2021-03-27 18:24:26,21.42,broken clouds
374,Whyalla,-33.0333,137.5833,88,90,2.3,AU,2021-03-27 18:24:39,57.2,overcast clouds
375,Zhigansk,66.7697,123.3711,98,94,5.14,RU,2021-03-27 18:19:31,4.33,overcast clouds
376,Birin,26.8865,88.0718,73,20,6.13,NP,2021-03-27 18:24:40,68.0,haze
377,Canico,32.6333,-16.85,88,75,8.05,PT,2021-03-27 18:24:40,62.6,broken clouds
378,Marrakesh,31.6315,-8.0083,19,75,10.36,MA,2021-03-27 18:15:07,78.8,broken clouds
379,Dzhebariki-Khaya,62.2167,135.8,97,100,1.54,RU,2021-03-27 18:23:42,13.23,overcast clouds
380,San Patricio,28.017,-97.5169,69,75,16.11,US,2021-03-27 18:18:13,87.8,broken clouds
381,Roebourne,-20.7833,117.1333,69,80,7.02,AU,2021-03-27 18:24:40,82.54,light rain
382,Ust-Nera,64.5667,143.2,99,97,3.65,RU,2021-03-27 18:24:41,-6.65,overcast clouds
383,Hatillo,18.4863,-66.8254,65,40,20.71,PR,2021-03-27 18:24:41,84.0,scattered clouds
384,Kiruna,67.8557,20.2251,93,90,14.97,SE,2021-03-27 18:21:07,35.6,overcast clouds
385,Charlottesville,38.0293,-78.4767,37,1,5.75,US,2021-03-27 18:22:28,75.0,clear sky
386,Sergeyevka,53.88,67.4158,98,100,3.42,KZ,2021-03-27 18:24:41,27.05,overcast clouds
387,Macheng,31.1783,115.0319,88,14,3.44,CN,2021-03-27 18:24:41,56.7,few clouds
388,Bartica,6.4,-58.6167,58,75,16.11,GY,2021-03-27 18:24:42,87.8,broken clouds
389,Feijo,-8.1642,-70.3536,67,97,4.36,BR,2021-03-27 18:24:42,82.4,overcast clouds
390,Kerouane,9.2667,-9.0167,13,28,3.11,GN,2021-03-27 18:24:42,94.48,scattered clouds
391,Lagoa,39.05,-27.9833,85,69,13.04,PT,2021-03-27 18:16:24,59.11,broken clouds
392,La Maddalena,41.2142,9.4083,88,0,5.75,IT,2021-03-27 18:24:43,57.2,clear sky
393,Constitucion,-35.3333,-72.4167,44,39,15.17,CL,2021-03-27 18:24:43,70.32,scattered clouds
394,Mantua,45.1667,10.7833,73,72,3.0,IT,2021-03-27 18:22:15,55.99,broken clouds
395,Hualmay,-11.0964,-77.6139,69,43,9.24,PE,2021-03-27 18:24:44,75.52,scattered clouds
396,Hendek,40.7994,30.7481,87,0,4.94,TR,2021-03-27 18:24:44,41.0,clear sky
397,Coahuayana,18.7333,-103.6833,41,20,9.22,MX,2021-03-27 18:19:00,80.6,few clouds
398,Otuzco,-7.9,-78.5833,78,0,11.5,PE,2021-03-27 18:24:44,73.4,light rain
399,Kutum,14.2,24.6667,14,88,14.52,SD,2021-03-27 18:22:25,73.18,overcast clouds
400,Goderich,43.7501,-81.7165,81,48,5.75,CA,2021-03-27 18:22:26,41.0,scattered clouds
401,San Francisco,37.7749,-122.4194,67,1,6.91,US,2021-03-27 18:22:24,66.0,clear sky
402,Utica,43.1009,-75.2327,57,90,4.61,US,2021-03-27 18:24:45,46.99,overcast clouds
403,Yaan,7.3833,8.5667,14,48,5.82,NG,2021-03-27 18:24:45,92.98,scattered clouds
404,Nizhniy Kuranakh,58.8353,125.4869,99,99,2.82,RU,2021-03-27 18:24:45,13.41,overcast clouds
405,Bathsheba,13.2167,-59.5167,57,40,20.71,BB,2021-03-27 18:20:53,82.4,scattered clouds
406,Guilin,25.2819,110.2864,100,75,1.36,CN,2021-03-27 18:24:46,66.2,fog
407,Lakes Entrance,-37.8811,147.981,96,40,8.21,AU,2021-03-27 18:18:49,48.0,scattered clouds
408,Egvekinot,66.3167,-179.1667,96,59,3.18,RU,2021-03-27 18:24:46,-18.81,broken clouds
409,Popondetta,-8.7537,148.2534,94,100,3.49,PG,2021-03-27 18:20:54,73.29,overcast clouds
410,Bonaventure,48.0457,-65.4926,68,100,10.36,CA,2021-03-27 18:24:46,26.6,overcast clouds
411,Stromness,58.965,-3.296,65,40,24.16,GB,2021-03-27 18:18:39,42.8,moderate rain
412,Haines Junction,60.7522,-137.5108,68,99,5.75,CA,2021-03-27 18:14:55,24.8,overcast clouds
413,Damghan,36.1683,54.348,42,20,10.6,IR,2021-03-27 18:24:47,60.96,few clouds
414,Urucara,-2.5364,-57.76,63,99,2.75,BR,2021-03-27 18:20:55,85.59,overcast clouds
415,Pemangkat,1.1667,108.9667,87,100,3.11,ID,2021-03-27 18:23:24,77.52,overcast clouds
416,Ambovombe,-25.1667,46.0833,86,46,4.16,MG,2021-03-27 18:19:17,72.93,moderate rain
417,Port Lincoln,-34.7333,135.8667,77,29,2.24,AU,2021-03-27 18:17:08,57.99,scattered clouds
418,Dao,11.3937,122.6856,90,46,1.63,PH,2021-03-27 18:24:47,75.42,scattered clouds
419,Aloleng,16.1307,119.7824,77,32,4.74,PH,2021-03-27 18:24:47,80.15,scattered clouds
420,Erenhot,43.6475,111.9767,39,4,26.51,CN,2021-03-27 18:24:47,33.53,clear sky
421,Adet,11.2644,37.4888,24,24,12.86,ET,2021-03-27 18:24:48,69.26,few clouds
422,Sarkand,45.41,79.9186,56,65,4.76,KZ,2021-03-27 18:24:04,48.02,broken clouds
423,Esperance,-33.8667,121.9,88,72,8.05,AU,2021-03-27 18:21:23,60.8,broken clouds
424,Krasnoselkup,65.7,82.4667,98,69,8.23,RU,2021-03-27 18:21:02,0.75,broken clouds
425,Kongolo,-5.3833,27.0,90,50,0.65,CD,2021-03-27 18:24:48,71.17,scattered clouds
426,Svetlyy,54.675,20.1347,93,75,17.9,RU,2021-03-27 18:24:48,41.0,light rain
427,Adrar,20.5022,-10.0711,5,5,8.39,MR,2021-03-27 18:23:02,92.07,clear sky
428,Olinda,-8.0089,-34.8553,69,40,9.22,BR,2021-03-27 18:24:49,80.6,scattered clouds
429,Korla,41.7597,86.1469,59,92,13.02,CN,2021-03-27 18:21:32,53.02,overcast clouds
430,Serebryansk,49.6925,83.2892,87,75,11.18,KZ,2021-03-27 18:24:49,35.6,light rain
431,Buraydah,26.326,43.975,40,0,14.97,SA,2021-03-27 18:20:49,68.0,clear sky
432,Tarko-Sale,64.9225,77.785,96,56,13.15,RU,2021-03-27 18:24:49,3.38,broken clouds
433,Willowmore,-33.2926,23.4895,70,7,8.7,ZA,2021-03-27 18:24:50,56.68,clear sky
434,Veraval,20.9,70.3667,58,28,12.66,IN,2021-03-27 18:24:50,81.03,scattered clouds
435,Launceston,-41.45,147.1667,100,65,10.36,AU,2021-03-27 18:20:04,50.0,broken clouds
436,Russell,32.3502,-85.1999,58,40,9.22,US,2021-03-27 18:24:50,84.2,scattered clouds
437,Sayansk,54.1088,102.1648,94,26,4.32,RU,2021-03-27 18:24:50,14.18,scattered clouds
438,Mitsamiouli,-11.3847,43.2844,70,99,2.8,KM,2021-03-27 18:24:51,82.89,overcast clouds
439,Yining,29.0361,114.5636,93,30,1.21,CN,2021-03-27 18:24:51,57.81,scattered clouds
440,Ukiah,39.1502,-123.2078,44,1,2.51,US,2021-03-27 18:20:05,64.0,clear sky
441,Mehamn,71.0357,27.8492,87,98,13.15,NO,2021-03-27 18:24:51,37.65,overcast clouds
442,Kloulklubed,7.0419,134.2556,94,75,12.37,PW,2021-03-27 18:16:19,77.0,broken clouds
443,Mandalgovi,45.7625,106.2708,65,1,15.97,MN,2021-03-27 18:24:51,22.12,clear sky
444,Gouyave,12.1646,-61.7296,65,20,26.46,GD,2021-03-27 18:22:40,84.2,few clouds
445,Dakar,14.6937,-17.4441,83,0,19.57,SN,2021-03-27 18:20:04,69.8,clear sky
446,Hornepayne,49.2138,-84.7705,73,95,5.86,CA,2021-03-27 18:24:52,38.35,overcast clouds
447,Taguatinga,-12.3857,-46.5711,30,100,4.12,BR,2021-03-27 18:19:14,90.73,overcast clouds
448,Suksun,57.1431,57.3949,89,99,12.5,RU,2021-03-27 18:24:52,27.66,overcast clouds
449,Bahay,13.5437,123.0407,89,93,3.8,PH,2021-03-27 18:24:52,75.56,overcast clouds
450,Aasiaat,68.7098,-52.8699,88,72,5.91,GL,2021-03-27 18:24:53,-17.09,broken clouds
451,Tacuarembo,-31.7333,-55.9833,65,100,7.65,UY,2021-03-27 18:24:53,74.82,overcast clouds
452,Foumbot,5.5079,10.6356,57,84,1.74,CM,2021-03-27 18:24:53,75.15,broken clouds
453,Bara,10.3744,10.7288,13,85,9.13,NG,2021-03-27 18:24:54,86.72,overcast clouds
454,Halifax,44.6453,-63.5724,75,98,16.11,CA,2021-03-27 18:24:54,34.0,overcast clouds
455,Kununurra,-15.7667,128.7333,100,89,2.75,AU,2021-03-27 18:24:54,77.0,overcast clouds
456,Rawson,-43.3002,-65.1023,17,52,18.03,AR,2021-03-27 18:17:09,79.39,broken clouds
457,Saquena,-4.6667,-73.5167,71,82,2.57,PE,2021-03-27 18:24:55,84.81,broken clouds
458,Teonthar,24.9833,81.65,18,0,2.08,IN,2021-03-27 18:24:55,81.61,clear sky
459,Kavaratti,10.5669,72.642,74,98,8.88,IN,2021-03-27 18:21:06,84.2,overcast clouds
460,Tammisaari,59.9736,23.4339,88,93,5.01,FI,2021-03-27 18:24:55,43.0,overcast clouds
461,Mercedes,-34.6515,-59.4307,78,98,4.0,AR,2021-03-27 18:19:24,68.0,overcast clouds
462,Hobyo,5.3505,48.5268,77,19,15.14,SO,2021-03-27 18:24:55,80.82,few clouds
463,Trat,12.5,102.5,99,100,2.71,TH,2021-03-27 18:24:56,82.99,overcast clouds
464,Nouadhibou,20.931,-17.0347,77,0,20.71,MR,2021-03-27 18:21:26,68.0,clear sky
465,Santa Isabel Do Rio Negro,-0.4139,-65.0192,61,95,3.78,BR,2021-03-27 18:24:56,86.94,heavy intensity rain
466,Arteaga,18.4667,-102.4167,11,11,5.23,MX,2021-03-27 18:24:57,86.34,few clouds
467,Akonolinga,3.7667,12.25,66,89,3.0,CM,2021-03-27 18:24:57,74.73,overcast clouds
468,Pasighat,28.0667,95.3333,25,0,3.53,IN,2021-03-27 18:24:57,70.95,clear sky
469,Keetmanshoop,-26.5833,18.1333,19,0,2.46,NA,2021-03-27 18:24:58,74.95,clear sky
470,Gombe,10.2897,11.1673,13,77,9.48,NG,2021-03-27 18:24:58,87.51,broken clouds
471,El Campo,29.1966,-96.2697,65,90,23.02,US,2021-03-27 18:24:58,80.6,overcast clouds
472,Roald,62.5833,6.1333,87,75,18.41,NO,2021-03-27 18:18:10,39.2,broken clouds
473,Ambilobe,-13.2,49.05,93,100,0.78,MG,2021-03-27 18:17:15,75.51,light rain
474,Knysna,-34.0363,23.0471,77,40,2.3,ZA,2021-03-27 18:24:58,60.8,light rain
475,Bago,17.3367,96.4797,74,31,6.91,MM,2021-03-27 18:21:05,82.4,scattered clouds
476,Kozhva,65.1073,57.0459,91,90,8.16,RU,2021-03-27 18:24:59,22.24,overcast clouds
477,Lukovetskiy,64.2956,41.9211,86,0,4.47,RU,2021-03-27 18:19:12,26.6,clear sky
478,Fortuna,40.5982,-124.1573,67,1,2.62,US,2021-03-27 18:22:04,59.0,clear sky
479,Zlobin,45.2924,14.6541,87,75,6.91,HR,2021-03-27 18:24:59,53.6,broken clouds
480,Wewak,-3.5534,143.6268,82,99,0.13,PG,2021-03-27 18:24:59,78.91,overcast clouds
481,Lodwar,3.1191,35.5973,25,100,7.61,KE,2021-03-27 18:19:17,90.25,overcast clouds
482,Luebo,-5.35,21.4167,90,63,1.01,CD,2021-03-27 18:25:00,72.91,broken clouds
483,Matay,28.419,30.7792,32,0,21.7,EG,2021-03-27 18:18:28,62.92,clear sky
484,Iberia,29.9502,-91.7507,78,90,21.85,US,2021-03-27 18:20:40,80.01,overcast clouds
485,Axim,4.8699,-2.2405,78,47,6.6,GH,2021-03-27 18:19:01,81.28,light rain
486,Matamoros,25.5333,-103.25,8,40,13.62,MX,2021-03-27 18:21:15,86.0,scattered clouds
487,Drayton Valley,53.2168,-114.9854,84,100,1.01,CA,2021-03-27 18:25:00,35.01,overcast clouds
488,Linjiang,41.8069,126.9078,88,100,2.24,CN,2021-03-27 18:25:00,44.87,overcast clouds
489,Paikuse,58.3792,24.6344,48,65,4.0,EE,2021-03-27 18:25:00,46.99,broken clouds
490,Charters Towers,-20.1,146.2667,84,0,7.34,AU,2021-03-27 18:25:01,70.45,clear sky
491,Conselheiro Pena,-19.1722,-41.4722,52,50,2.21,BR,2021-03-27 18:25:01,87.89,scattered clouds
492,Varkkallai,8.7341,76.7067,70,40,3.44,IN,2021-03-27 18:25:01,86.0,mist
493,Riyadh,24.6877,46.7219,18,22,20.71,SA,2021-03-27 18:18:22,84.2,few clouds
494,Graaff-Reinet,-32.2522,24.5308,67,21,5.99,ZA,2021-03-27 18:25:02,64.0,few clouds
495,Kurayoshi,35.4333,133.8167,63,90,14.97,JP,2021-03-27 18:25:02,60.8,light rain
496,Beidao,34.5686,105.8933,33,0,8.01,CN,2021-03-27 18:25:02,48.99,clear sky
497,Mbinga,-10.9333,35.0167,88,75,5.75,TZ,2021-03-27 18:25:03,69.8,light rain
498,Thyboron,56.6985,8.2124,3,3,1.01,DK,2021-03-27 18:20:59,42.01,clear sky
499,Wilmington,34.2257,-77.9447,54,40,6.91,US,2021-03-27 18:24:14,84.2,scattered clouds
500,Avera,33.194,-82.5271,83,75,4.61,US,2021-03-27 18:19:09,80.01,broken clouds
501,Tomatlan,19.9333,-105.25,21,4,7.54,MX,2021-03-27 18:25:03,88.09,clear sky
502,Lubbock,33.6001,-101.8338,24,1,14.97,US,2021-03-27 18:24:26,69.01,clear sky
503,Brownsville,25.9018,-97.4975,48,1,25.32,US,2021-03-27 18:25:03,89.6,clear sky
504,Huarmey,-10.0681,-78.1522,73,38,9.01,PE,2021-03-27 18:22:23,74.86,scattered clouds
505,Ardesen,41.1911,40.9875,87,75,9.22,TR,2021-03-27 18:25:03,42.8,broken clouds
506,Mackay,-21.15,149.2,94,1,4.61,AU,2021-03-27 18:23:04,69.8,clear sky
507,Tazmalt,36.3868,4.3989,35,29,4.56,DZ,2021-03-27 18:25:04,65.79,scattered clouds
508,Aswan,24.0934,32.907,14,3,12.53,EG,2021-03-27 18:23:04,68.14,clear sky
509,Qiqihar,47.3408,123.9672,43,11,14.63,CN,2021-03-27 18:25:04,44.47,few clouds
510,Zhob,31.3411,69.4481,22,8,6.13,PK,2021-03-27 18:25:05,73.72,clear sky
511,Sabang,5.8933,95.3214,80,99,13.18,ID,2021-03-27 18:25:05,80.6,overcast clouds
512,San Ramon,37.7799,-121.978,34,1,1.83,US,2021-03-27 18:22:38,70.0,clear sky
513,Mount Isa,-20.7333,139.5,28,0,11.5,AU,2021-03-27 18:21:30,80.6,clear sky
514,Maniitsoq,65.4167,-52.9,65,15,6.06,GL,2021-03-27 18:22:45,-2.51,few clouds
515,Manzhouli,49.6,117.4333,64,81,16.89,CN,2021-03-27 18:25:05,37.26,broken clouds
516,Tigil,57.8,158.6667,98,100,4.63,RU,2021-03-27 18:19:36,-3.69,overcast clouds
517,Buchmany,51.0689,28.0421,68,25,6.82,UA,2021-03-27 18:25:05,43.0,scattered clouds
518,Paracatu,-17.2222,-46.8747,33,27,3.09,BR,2021-03-27 18:25:06,86.16,scattered clouds
519,Meadow Lake,34.8014,-106.5436,35,20,14.97,US,2021-03-27 18:25:06,57.99,few clouds
520,Eldorado,-23.7869,-54.2836,39,54,8.55,BR,2021-03-27 18:25:07,91.06,broken clouds
521,Mattru,7.6244,-11.8332,57,76,8.86,SL,2021-03-27 18:18:22,87.76,broken clouds
522,Nyurba,63.2842,118.3319,97,93,4.34,RU,2021-03-27 18:18:12,7.66,overcast clouds
523,Warwick,41.7001,-71.4162,32,1,6.91,US,2021-03-27 18:24:52,64.99,clear sky
524,Camacha,33.0833,-16.3333,88,75,21.85,PT,2021-03-27 18:25:07,64.4,broken clouds
525,Beloha,-25.1667,45.05,78,38,4.7,MG,2021-03-27 18:18:05,73.36,scattered clouds
526,Iquique,-20.2208,-70.1431,56,0,11.5,CL,2021-03-27 18:17:39,71.6,clear sky
527,Ban Nahin,18.2418,104.2122,55,71,2.15,LA,2021-03-27 18:25:07,81.41,broken clouds
528,Evensk,61.95,159.2333,88,12,8.99,RU,2021-03-27 18:25:07,-8.81,few clouds
529,Inirida,3.8653,-67.9239,74,77,2.13,CO,2021-03-27 18:25:08,84.79,broken clouds
530,Talara,-4.5772,-81.2719,43,0,12.66,PE,2021-03-27 18:17:16,89.6,clear sky
531,Ntcheu,-14.8203,34.6359,93,16,1.92,MW,2021-03-27 18:25:08,64.26,few clouds
532,Narsaq,60.9167,-46.05,40,75,6.91,GL,2021-03-27 18:18:32,8.6,broken clouds
533,Burns Lake,54.2331,-125.7533,56,100,10.36,CA,2021-03-27 18:25:08,42.8,overcast clouds
534,Columbus,39.9612,-82.9988,55,40,8.05,US,2021-03-27 18:20:18,66.99,scattered clouds
535,Kobryn,52.2138,24.3564,73,21,9.98,BY,2021-03-27 18:25:09,48.15,few clouds
536,Shubarshi,48.5872,57.1869,93,98,8.52,KZ,2021-03-27 18:25:09,29.17,overcast clouds
537,Port Hedland,-20.3167,118.5667,94,12,5.75,AU,2021-03-27 18:25:09,78.8,few clouds
538,Kamsack,51.5667,-101.9009,74,1,11.5,CA,2021-03-27 18:25:09,30.2,clear sky
539,Codajas,-3.8367,-62.0569,94,99,4.03,BR,2021-03-27 18:25:10,77.76,light rain
540,Salinas,36.6777,-121.6555,45,1,12.66,US,2021-03-27 18:23:47,70.0,clear sky
541,The Valley,18.217,-63.0578,65,40,17.27,AI,2021-03-27 18:21:01,80.6,scattered clouds
542,Windham,41.8334,-72.0001,36,1,11.5,US,2021-03-27 18:25:10,64.0,clear sky
543,Yamada,39.4667,141.95,80,96,6.98,JP,2021-03-27 18:19:20,43.75,overcast clouds
544,Erdenet,49.0333,104.0833,82,99,2.06,MN,2021-03-27 18:21:47,19.74,overcast clouds
545,Sogne,58.0833,7.8167,65,6,8.05,NO,2021-03-27 18:25:10,43.0,clear sky
546,Tabatinga,-4.2525,-69.9381,88,75,6.91,BR,2021-03-27 18:22:47,77.0,broken clouds
547,Shagamu,6.8432,3.6478,70,20,6.91,NG,2021-03-27 18:25:11,89.6,few clouds
548,Yinchuan,38.4681,106.2731,17,100,12.8,CN,2021-03-27 18:25:11,54.72,overcast clouds
549,Pochinki,54.6988,44.8668,91,100,5.99,RU,2021-03-27 18:25:11,31.82,overcast clouds
550,Kuito,-12.3833,16.9333,91,100,2.42,AO,2021-03-27 18:24:26,61.7,light rain
551,Bima,-8.4667,118.7167,93,96,4.03,ID,2021-03-27 18:25:11,76.41,overcast clouds
552,Liepaja,56.5419,21.0367,50,90,11.5,LV,2021-03-27 18:25:12,55.4,overcast clouds
553,Hay River,60.8156,-115.7999,40,83,9.22,CA,2021-03-27 18:21:46,28.4,broken clouds
554,Payo,-3.7508,103.6372,98,100,2.89,ID,2021-03-27 18:21:56,73.36,heavy intensity rain
555,Jacareacanga,-6.2222,-57.7528,69,34,2.35,BR,2021-03-27 18:25:12,85.28,scattered clouds
556,Maicao,11.3832,-72.2432,46,32,19.57,CO,2021-03-27 18:25:12,87.6,scattered clouds
557,Paungde,18.4833,95.5,31,14,1.32,MM,2021-03-27 18:25:12,84.63,few clouds
558,San Bartolome De Tirajana,27.9248,-15.5733,60,20,9.22,ES,2021-03-27 18:25:13,73.0,few clouds
559,Petropavlovsk-Kamchatskiy,53.0452,158.6483,54,100,26.84,RU,2021-03-27 18:18:20,28.4,overcast clouds
560,Whitianga,-36.8333,175.7,81,100,5.01,NZ,2021-03-27 18:25:13,66.0,overcast clouds
561,Linfen,36.0889,111.5189,44,24,3.91,CN,2021-03-27 18:25:13,57.2,few clouds
562,Nerchinskiy Zavod,51.3088,119.61,91,100,13.96,RU,2021-03-27 18:22:48,30.85,overcast clouds
563,Camocim,-2.9022,-40.8411,88,87,7.67,BR,2021-03-27 18:21:23,77.07,heavy intensity rain
564,Roma,43.2128,-75.4557,57,90,4.61,US,2021-03-27 18:19:35,46.99,overcast clouds
565,Kolokani,13.5728,-8.0339,4,41,6.17,ML,2021-03-27 18:25:14,97.59,scattered clouds
566,Nantucket,41.2835,-70.0995,66,1,11.5,US,2021-03-27 18:25:14,50.0,clear sky
567,Sokolo,14.7328,-6.1219,6,21,10.13,ML,2021-03-27 18:25:14,99.21,few clouds
568,Sao Jose Da Coroa Grande,-8.8978,-35.1478,69,66,9.1,BR,2021-03-27 18:25:15,82.74,broken clouds
569,Vanavara,60.34,102.2797,96,91,6.08,RU,2021-03-27 18:25:15,17.1,overcast clouds
570,Huilong,31.8111,121.655,86,67,1.01,CN,2021-03-27 18:25:16,60.01,broken clouds
571,Noumea,-22.2763,166.4572,94,0,1.14,NC,2021-03-27 18:25:16,80.01,clear sky
572,Westport,41.1415,-73.3579,42,1,13.8,US,2021-03-27 18:17:44,64.0,clear sky
573,Lehigh Acres,26.6254,-81.6248,45,40,10.36,US,2021-03-27 18:25:16,91.0,scattered clouds
574,Vanderhoof,54.0166,-124.0198,71,100,3.83,CA,2021-03-27 18:25:17,41.65,overcast clouds
575,Tual,-5.6667,132.75,78,98,11.18,ID,2021-03-27 18:18:22,82.99,light rain
576,Vao,-22.6667,167.4833,80,6,11.23,NC,2021-03-27 18:19:33,77.63,clear sky
577,Truro,50.2653,-5.0544,71,40,18.41,GB,2021-03-27 18:25:17,50.0,scattered clouds
578,Bilibino,68.0546,166.4372,99,53,3.98,RU,2021-03-27 18:21:48,-23.89,broken clouds
579,Jining,35.405,116.5814,91,1,7.94,CN,2021-03-27 18:25:17,52.3,clear sky
580,Waw,7.7029,27.9953,40,56,3.94,SS,2021-03-27 18:22:07,85.12,broken clouds
581,Chipinge,-20.1883,32.6236,65,6,2.44,ZW,2021-03-27 18:25:18,66.25,clear sky
582,Sioux Lookout,50.1001,-91.917,55,75,12.66,CA,2021-03-27 18:18:49,32.0,light snow
583,Hengshan,45.2,130.9167,90,94,2.91,CN,2021-03-27 18:25:18,38.48,overcast clouds
584,Bijni,26.4959,90.703,18,0,1.66,IN,2021-03-27 18:25:18,72.84,clear sky
585,Bud,39.447,-86.1758,52,1,11.5,US,2021-03-27 18:25:19,69.01,clear sky
586,Sibolga,1.7427,98.7792,88,100,3.38,ID,2021-03-27 18:25:19,76.19,overcast clouds
587,Bonthe,7.5264,-12.505,73,61,11.45,SL,2021-03-27 18:21:08,83.16,broken clouds
588,Celestun,20.8667,-90.4,45,6,7.45,MX,2021-03-27 18:22:04,89.76,clear sky
589,Hecun,36.5333,114.1111,41,41,6.73,CN,2021-03-27 18:25:19,59.79,scattered clouds
590,Scarborough,54.2797,-0.4044,65,97,4.0,GB,2021-03-27 18:22:19,46.99,overcast clouds
591,La Romana,18.4273,-68.9728,51,75,9.22,DO,2021-03-27 18:25:19,89.6,broken clouds
592,Kupang,-10.1667,123.5833,87,100,6.98,ID,2021-03-27 18:17:19,78.85,overcast clouds
593,Freeport,40.6576,-73.5832,45,75,10.36,US,2021-03-27 18:25:01,66.0,broken clouds
594,Komsomolskiy,40.4272,71.7189,82,100,6.91,UZ,2021-03-27 18:18:42,55.4,light rain
595,Ossora,59.2353,163.0719,88,100,14.56,RU,2021-03-27 18:25:20,10.85,overcast clouds
596,Laiwu,36.1928,117.6569,88,0,4.12,CN,2021-03-27 18:25:20,50.09,clear sky
597,Metaxades,41.4204,26.225,76,0,3.44,GR,2021-03-27 18:25:21,48.2,clear sky
598,Baykalsk,51.5058,104.1469,78,67,9.95,RU,2021-03-27 18:24:12,19.78,broken clouds
599,Omboue,-1.5746,9.2618,86,89,7.14,GA,2021-03-27 18:25:21,79.25,light rain
600,Inuvik,68.3499,-133.7218,77,93,1.14,CA,2021-03-27 18:21:35,-11.2,overcast clouds
601,Lae,-6.7221,146.9847,88,100,4.0,PG,2021-03-27 18:25:21,75.65,light rain
602,Oskemen,49.9565,82.6119,87,75,11.18,KZ,2021-03-27 18:25:22,35.6,light rain
603,Ostashkov,57.1467,33.1075,88,98,3.56,RU,2021-03-27 18:25:22,33.42,overcast clouds
604,Pouembout,-21.1333,164.9,87,36,3.98,NC,2021-03-27 18:21:53,75.6,scattered clouds
605,Soto La Marina,23.7667,-98.2167,26,97,15.84,MX,2021-03-27 18:25:22,98.29,overcast clouds
606,Battle Creek,42.3212,-85.1797,62,75,17.27,US,2021-03-27 18:25:23,60.01,broken clouds
607,Isangel,-19.55,169.2667,88,7,7.74,VU,2021-03-27 18:20:51,76.96,clear sky
608,Mogadishu,2.0371,45.3438,82,99,18.12,SO,2021-03-27 18:25:23,80.78,overcast clouds
609,Davila,18.4726,120.5763,94,20,2.3,PH,2021-03-27 18:25:23,77.0,few clouds
610,Maragogi,-9.0122,-35.2225,70,72,9.28,BR,2021-03-27 18:22:55,82.44,broken clouds
611,Staszow,50.5631,21.1659,54,100,4.0,PL,2021-03-27 18:25:24,54.0,moderate rain
612,Lakhimpur,27.95,80.7667,12,0,2.84,IN,2021-03-27 18:25:24,75.87,clear sky
613,Labytnangi,66.6572,66.4183,95,28,4.61,RU,2021-03-27 18:25:25,-4.0,scattered clouds
614,Fort Nelson,58.8053,-122.7002,55,75,4.76,CA,2021-03-27 18:19:45,32.0,broken clouds
615,Concarneau,47.875,-3.9225,71,75,10.36,FR,2021-03-27 18:25:25,50.0,broken clouds
616,Varnavino,57.4035,45.0916,96,100,7.0,RU,2021-03-27 18:25:26,31.08,overcast clouds
617,Tezu,27.9167,96.1667,22,12,5.41,IN,2021-03-27 18:25:26,71.44,few clouds
618,San Jose De Tarros,15.3,-88.7,35,20,6.91,HN,2021-03-27 18:25:26,87.8,few clouds
619,Meulaboh,4.1363,96.1285,90,100,3.62,ID,2021-03-27 18:20:53,76.1,light rain
620,Changping,40.2186,116.2197,87,67,4.47,CN,2021-03-27 18:25:26,55.0,mist
621,Krasnik,50.9236,22.2271,76,75,5.75,PL,2021-03-27 18:25:27,55.0,light rain
622,Harindanga,22.0383,88.3214,70,20,8.05,IN,2021-03-27 18:25:27,84.2,haze
623,Prainha,-1.8,-53.48,61,67,5.44,BR,2021-03-27 18:25:28,85.57,broken clouds
624,Rio Gallegos,-51.6226,-69.2181,45,75,17.27,AR,2021-03-27 18:23:39,64.4,broken clouds
625,Batemans Bay,-35.7167,150.1833,94,21,1.99,AU,2021-03-27 18:21:38,57.0,few clouds
626,Likasi,-10.9814,26.7333,96,96,0.4,CD,2021-03-27 18:25:28,62.65,light rain
627,Fenoarivo,-18.933,47.4354,83,40,4.61,MG,2021-03-27 18:25:28,68.0,scattered clouds
628,Puerto Madero,14.7208,-92.4215,58,5,10.76,MX,2021-03-27 18:25:29,85.75,clear sky
629,Gushikawa,26.3544,127.8686,83,75,13.8,JP,2021-03-27 18:25:29,73.4,broken clouds
630,San Andres,12.5847,-81.7006,58,20,17.27,CO,2021-03-27 18:25:29,87.8,few clouds
631,Sola,-13.8833,167.55,75,99,15.93,VU,2021-03-27 18:22:18,82.67,overcast clouds
632,Uvalde,29.3669,-99.767,61,75,1.59,US,2021-03-27 18:25:29,81.0,broken clouds
633,Neuquen,-38.9516,-68.0591,16,0,8.05,AR,2021-03-27 18:25:29,75.2,clear sky
634,Atar,20.5169,-13.0499,23,1,4.61,MR,2021-03-27 18:21:17,98.6,clear sky
635,Lewistown,40.5992,-77.5714,42,1,4.61,US,2021-03-27 18:25:30,69.01,clear sky
636,Havre-Saint-Pierre,50.2334,-63.5986,37,1,4.61,CA,2021-03-27 18:18:09,28.4,clear sky
637,Borger,52.9233,6.7931,82,65,1.01,NL,2021-03-27 18:25:31,43.0,broken clouds
638,Havoysund,70.9963,24.6622,75,75,3.44,NO,2021-03-27 18:25:31,37.4,light rain
639,Nishihara,26.1842,127.7558,88,75,17.27,JP,2021-03-27 18:25:31,73.4,broken clouds
640,Grindavik,63.8424,-22.4338,80,90,42.57,IS,2021-03-27 18:17:53,30.2,snow
641,Altamira,-3.2033,-52.2064,74,75,5.75,BR,2021-03-27 18:14:10,82.4,broken clouds
642,Businga,3.3333,20.8833,88,61,3.76,CD,2021-03-27 18:25:31,73.71,light rain
643,Thunder Bay,48.4001,-89.3168,80,90,9.22,CA,2021-03-27 18:23:56,36.0,overcast clouds
644,Limon,10.0,-83.0333,62,20,6.91,CR,2021-03-27 18:25:32,86.0,few clouds
645,Vikhorevka,56.1201,101.1636,74,67,4.47,RU,2021-03-27 18:18:09,23.0,broken clouds
646,Bakel,14.905,-12.4568,5,7,10.16,SN,2021-03-27 18:25:32,104.32,clear sky
647,Marzuq,14.4,46.4667,43,20,7.61,YE,2021-03-27 18:25:33,68.76,few clouds
648,Sabha,27.0377,14.4283,18,0,10.54,LY,2021-03-27 18:22:33,63.66,clear sky
649,Champua,22.0833,85.6667,47,0,10.89,IN,2021-03-27 18:25:33,78.94,clear sky
650,Yar-Sale,66.8333,70.8333,99,12,8.28,RU,2021-03-27 18:18:03,-6.02,few clouds
651,General Pico,-35.6566,-63.7568,85,100,12.46,AR,2021-03-27 18:21:18,57.06,moderate rain
652,Khor,47.8861,134.9464,98,99,4.03,RU,2021-03-27 18:25:33,33.87,overcast clouds
653,Birjand,32.8663,59.2211,10,20,13.8,IR,2021-03-27 18:22:08,77.0,few clouds
654,Lincent,50.7122,5.0365,53,40,9.22,BE,2021-03-27 18:25:34,46.99,scattered clouds
655,Hervey Bay,-25.2986,152.8535,84,4,1.01,AU,2021-03-27 18:18:20,69.01,clear sky
656,Caceres,39.522,-6.3748,46,99,3.0,ES,2021-03-27 18:25:34,64.0,overcast clouds
657,Picayune,30.5255,-89.6795,82,91,11.9,US,2021-03-27 18:25:34,82.99,overcast clouds
658,Verkhoyansk,67.5447,133.385,99,100,1.57,RU,2021-03-27 18:22:19,-0.4,overcast clouds
659,Sabya,17.1495,42.6254,58,0,3.44,SA,2021-03-27 18:25:35,84.2,clear sky
660,Waseca,44.0777,-93.5074,100,90,6.91,US,2021-03-27 18:25:35,46.4,light intensity drizzle
661,Breves,-1.6822,-50.4803,71,96,2.53,BR,2021-03-27 18:25:35,82.47,overcast clouds
662,Kikwit,-5.041,18.8162,82,44,1.54,CD,2021-03-27 18:25:36,73.54,scattered clouds
663,Pahrump,36.2083,-115.9839,21,0,1.99,US,2021-03-27 18:17:17,63.0,clear sky
664,Leshukonskoye,64.8989,45.7622,95,9,4.45,RU,2021-03-27 18:18:50,19.17,clear sky
665,Kaeo,-35.1,173.7833,84,100,8.99,NZ,2021-03-27 18:25:36,66.99,overcast clouds
666,Natitingou,10.3042,1.3796,31,20,9.22,BJ,2021-03-27 18:25:36,91.4,few clouds
667,Gimli,50.6336,-96.9907,64,76,6.53,CA,2021-03-27 18:21:34,33.8,broken clouds
668,Bandundu,-3.3167,17.3667,80,60,3.27,CD,2021-03-27 18:25:37,76.03,broken clouds
669,Belvidere,42.2639,-88.8443,72,90,14.97,US,2021-03-27 18:25:37,61.0,overcast clouds
670,Chapais,49.7834,-74.8492,44,1,8.05,CA,2021-03-27 18:22:29,35.6,clear sky
671,Tigzirt,36.8886,4.1198,82,26,10.22,DZ,2021-03-27 18:25:38,60.04,scattered clouds
672,Shiyan,32.6475,110.7781,53,2,4.68,CN,2021-03-27 18:25:38,58.64,clear sky
673,Urucurituba,-2.6833,-57.6667,62,100,4.43,BR,2021-03-27 18:25:38,85.82,overcast clouds
674,Presidencia Roque Saenz Pena,-26.7852,-60.4388,98,100,5.01,AR,2021-03-27 18:18:38,64.0,overcast clouds
675,Phangnga,8.4509,98.5298,83,75,3.44,TH,2021-03-27 18:25:38,82.4,broken clouds
676,Tevaitoa,-16.7833,-151.5,73,13,21.83,PF,2021-03-27 18:25:39,82.76,light rain
677,Byron Bay,-28.65,153.6167,100,0,7.87,AU,2021-03-27 18:19:24,62.6,clear sky
678,Curuca,-0.7289,-47.8481,73,93,0.34,BR,2021-03-27 18:25:39,81.75,overcast clouds
679,Aktau,43.65,51.2,75,40,13.42,KZ,2021-03-27 18:22:21,41.0,scattered clouds
680,Salinopolis,-0.6136,-47.3561,84,90,3.36,BR,2021-03-27 18:25:40,77.83,overcast clouds
